計測日時,太陽光発電(創蓄パワコン),蓄電池充電,蓄電池放電,主幹買電,主幹売電,スポットライト,未使用,エコキュート,未使用,シャンデリア,ワインセラー,未使用,厨房換気扇,ペンダント,増設1,増設2,増設3,増設4,増設5,増設6,増設7,増設8,増設9,増設10,増設11,増設12,増設13,増設14,増設15,増設16,増設17,増設18,増設19,増設20,増設21,増設22,増設23,増設24,増設25,増設26,増設27,増設28,増設29,増設30,使用電力量,ガス使用量,水使用量,お湯使用量,燃料電池ガス使用量,補助熱源ガス使用量,燃料電池お湯使用量,補助熱源お湯使用量,燃料電池排熱回収量
2018030100+0900,-,-,-,687,0,0,0,308,0,0,16,0,0,0,0,0,0,0,0,0,0,0,0,0,0,0,0,0,0,0,0,0,0,0,0,0,0,0,0,0,0,0,0,0,687,-,-,0,-,-,-,-,-
2018030101+0900,-,-,-,586,0,0,0,0,0,0,9,0,0,0,0,0,0,0,0,0,0,0,0,0,0,0,0,0,0,0,0,0,0,0,0,0,0,0,0,0,0,0,0,0,586,-,-,0,-,-,-,-,-
2018030102+0900,-,-,-,560,0,0,0,0,0,0,21,0,0,0,0,0,0,0,0,0,0,0,0,0,0,0,0,0,0,0,0,0,0,0,0,0,0,0,0,0,0,0,0,0,560,-,-,0,-,-,-,-,-
2018030103+0900,-,-,-,456,0,0,0,0,0,0,17,0,0,0,0,0,0,0,0,0,0,0,0,0,0,0,0,0,0,0,0,0,0,0,0,0,0,0,0,0,0,0,0,0,456,-,-,0,-,-,-,-,-
2018030104+0900,-,-,-,465,0,0,0,0,0,0,9,0,0,0,0,0,0,0,0,0,0,0,0,0,0,0,0,0,0,0,0,0,0,0,0,0,0,0,0,0,0,0,0,0,465,-,-,0,-,-,-,-,-
2018030105+0900,-,-,-,484,0,0,0,0,0,0,17,0,0,0,0,0,0,0,0,0,0,0,0,0,0,0,0,0,0,0,0,0,0,0,0,0,0,0,0,0,0,0,0,0,484,-,-,0,-,-,-,-,-
2018030106+0900,-,-,-,542,0,0,0,0,0,0,10,0,0,0,0,0,0,0,0,0,0,0,0,0,0,0,0,0,0,0,0,0,0,0,0,0,0,0,0,0,0,0,0,0,542,-,-,0,-,-,-,-,-
2018030107+0900,-,-,-,619,0,0,0,0,0,0,16,0,0,0,0,0,0,0,0,0,0,0,0,0,0,0,0,0,0,0,0,0,0,0,0,0,0,0,0,0,0,0,0,0,619,-,-,0,-,-,-,-,-
2018030108+0900,-,-,-,545,0,0,0,0,0,0,10,0,0,0,0,0,0,0,0,0,0,0,0,0,0,0,0,0,0,0,0,0,0,0,0,0,0,0,0,0,0,0,0,0,545,-,-,0,-,-,-,-,-
2018030109+0900,-,-,-,2094,0,144,0,0,0,579,19,0,503,250,0,0,0,0,0,0,0,0,0,0,0,0,0,0,0,0,0,0,0,0,0,0,0,0,0,0,0,0,0,0,2094,-,-,29,-,-,-,-,-
2018030110+0900,-,-,-,1756,0,163,0,191,0,706,14,0,631,307,0,0,0,0,0,0,0,0,0,0,0,0,0,0,0,0,0,0,0,0,0,0,0,0,0,0,0,0,0,0,1756,-,-,16,-,-,-,-,-
2018030111+0900,-,-,-,1784,0,156,0,0,0,399,24,0,626,225,0,0,0,0,0,0,0,0,0,0,0,0,0,0,0,0,0,0,0,0,0,0,0,0,0,0,0,0,0,0,1784,-,-,49,-,-,-,-,-
2018030112+0900,-,-,-,1662,0,154,0,0,0,389,20,0,636,221,0,0,0,0,0,0,0,0,0,0,0,0,0,0,0,0,0,0,0,0,0,0,0,0,0,0,0,0,0,0,1662,-,-,156,-,-,-,-,-
2018030113+0900,-,-,-,1457,0,149,0,155,0,388,20,0,631,221,0,0,0,0,0,0,0,0,0,0,0,0,0,0,0,0,0,0,0,0,0,0,0,0,0,0,0,0,0,0,1457,-,-,77,-,-,-,-,-
2018030114+0900,-,-,-,1207,0,149,0,1436,0,398,38,0,580,220,0,0,0,0,0,0,0,0,0,0,0,0,0,0,0,0,0,0,0,0,0,0,0,0,0,0,0,0,0,0,1207,-,-,210,-,-,-,-,-
2018030115+0900,-,-,-,1071,0,147,0,1762,0,406,40,0,407,221,0,0,0,0,0,0,0,0,0,0,0,0,0,0,0,0,0,0,0,0,0,0,0,0,0,0,0,0,0,0,1071,-,-,314,-,-,-,-,-
2018030116+0900,-,-,-,1179,0,150,0,1821,0,407,26,0,409,221,0,0,0,0,0,0,0,0,0,0,0,0,0,0,0,0,0,0,0,0,0,0,0,0,0,0,0,0,0,0,1179,-,-,72,-,-,-,-,-
2018030117+0900,-,-,-,1187,0,217,0,1894,0,490,24,0,408,157,0,0,0,0,0,0,0,0,0,0,0,0,0,0,0,0,0,0,0,0,0,0,0,0,0,0,0,0,0,0,1187,-,-,4,-,-,-,-,-
2018030118+0900,-,-,-,1469,0,324,0,1913,0,708,27,0,569,0,0,0,0,0,0,0,0,0,0,0,0,0,0,0,0,0,0,0,0,0,0,0,0,0,0,0,0,0,0,0,1469,-,-,54,-,-,-,-,-
2018030119+0900,-,-,-,1255,0,426,0,1923,0,642,18,0,639,0,0,0,0,0,0,0,0,0,0,0,0,0,0,0,0,0,0,0,0,0,0,0,0,0,0,0,0,0,0,0,1255,-,-,78,-,-,-,-,-
2018030120+0900,-,-,-,1386,0,425,0,472,0,650,24,0,645,0,0,0,0,0,0,0,0,0,0,0,0,0,0,0,0,0,0,0,0,0,0,0,0,0,0,0,0,0,0,0,1386,-,-,76,-,-,-,-,-
2018030121+0900,-,-,-,1234,0,426,0,473,0,654,28,0,614,0,0,0,0,0,0,0,0,0,0,0,0,0,0,0,0,0,0,0,0,0,0,0,0,0,0,0,0,0,0,0,1234,-,-,65,-,-,-,-,-
2018030122+0900,-,-,-,1109,0,427,0,1415,0,661,17,0,304,0,0,0,0,0,0,0,0,0,0,0,0,0,0,0,0,0,0,0,0,0,0,0,0,0,0,0,0,0,0,0,1109,-,-,46,-,-,-,-,-
2018030123+0900,-,-,-,514,0,426,0,0,0,661,17,0,13,0,0,0,0,0,0,0,0,0,0,0,0,0,0,0,0,0,0,0,0,0,0,0,0,0,0,0,0,0,0,0,514,-,-,0,-,-,-,-,-
2018030200+0900,-,-,-,605,0,75,0,128,0,117,9,0,0,0,0,0,0,0,0,0,0,0,0,0,0,0,0,0,0,0,0,0,0,0,0,0,0,0,0,0,0,0,0,0,605,-,-,0,-,-,-,-,-
2018030201+0900,-,-,-,584,0,0,0,0,0,0,17,0,0,0,0,0,0,0,0,0,0,0,0,0,0,0,0,0,0,0,0,0,0,0,0,0,0,0,0,0,0,0,0,0,584,-,-,0,-,-,-,-,-
2018030202+0900,-,-,-,497,0,0,0,0,0,0,10,0,0,0,0,0,0,0,0,0,0,0,0,0,0,0,0,0,0,0,0,0,0,0,0,0,0,0,0,0,0,0,0,0,497,-,-,0,-,-,-,-,-
2018030203+0900,-,-,-,512,0,0,0,0,0,0,10,0,0,0,0,0,0,0,0,0,0,0,0,0,0,0,0,0,0,0,0,0,0,0,0,0,0,0,0,0,0,0,0,0,512,-,-,0,-,-,-,-,-
2018030204+0900,-,-,-,464,0,0,0,0,0,0,9,0,0,0,0,0,0,0,0,0,0,0,0,0,0,0,0,0,0,0,0,0,0,0,0,0,0,0,0,0,0,0,0,0,464,-,-,0,-,-,-,-,-
2018030205+0900,-,-,-,507,0,0,0,0,0,0,13,0,0,0,0,0,0,0,0,0,0,0,0,0,0,0,0,0,0,0,0,0,0,0,0,0,0,0,0,0,0,0,0,0,507,-,-,0,-,-,-,-,-
2018030206+0900,-,-,-,579,0,0,0,0,0,0,4,0,0,0,0,0,0,0,0,0,0,0,0,0,0,0,0,0,0,0,0,0,0,0,0,0,0,0,0,0,0,0,0,0,579,-,-,0,-,-,-,-,-
2018030207+0900,-,-,-,536,0,0,0,0,0,0,5,0,0,0,0,0,0,0,0,0,0,0,0,0,0,0,0,0,0,0,0,0,0,0,0,0,0,0,0,0,0,0,0,0,536,-,-,0,-,-,-,-,-
2018030208+0900,-,-,-,705,0,0,0,0,0,0,26,0,127,0,0,0,0,0,0,0,0,0,0,0,0,0,0,0,0,0,0,0,0,0,0,0,0,0,0,0,0,0,0,0,705,-,-,29,-,-,-,-,-
2018030209+0900,-,-,-,2529,0,0,0,0,0,0,19,0,489,0,0,0,0,0,0,0,0,0,0,0,0,0,0,0,0,0,0,0,0,0,0,0,0,0,0,0,0,0,0,0,2529,-,-,12,-,-,-,-,-
2018030210+0900,-,-,-,1736,0,0,0,190,0,0,32,0,630,0,0,0,0,0,0,0,0,0,0,0,0,0,0,0,0,0,0,0,0,0,0,0,0,0,0,0,0,0,0,0,1736,-,-,19,-,-,-,-,-
2018030211+0900,-,-,-,1750,0,152,0,0,0,0,26,0,642,267,0,0,0,0,0,0,0,0,0,0,0,0,0,0,0,0,0,0,0,0,0,0,0,0,0,0,0,0,0,0,1750,-,-,122,-,-,-,-,-
2018030212+0900,-,-,-,1677,0,174,0,1037,0,0,36,0,639,304,0,0,0,0,0,0,0,0,0,0,0,0,0,0,0,0,0,0,0,0,0,0,0,0,0,0,0,0,0,0,1677,-,-,216,-,-,-,-,-
2018030213+0900,-,-,-,1653,0,172,0,1852,0,0,45,0,639,303,0,0,0,0,0,0,0,0,0,0,0,0,0,0,0,0,0,0,0,0,0,0,0,0,0,0,0,0,0,0,1653,-,-,226,-,-,-,-,-
2018030214+0900,-,-,-,1083,0,173,0,1860,0,0,34,0,646,304,0,0,0,0,0,0,0,0,0,0,0,0,0,0,0,0,0,0,0,0,0,0,0,0,0,0,0,0,0,0,1083,-,-,174,-,-,-,-,-
2018030215+0900,-,-,-,1197,0,174,0,1760,0,0,37,0,634,304,0,0,0,0,0,0,0,0,0,0,0,0,0,0,0,0,0,0,0,0,0,0,0,0,0,0,0,0,0,0,1197,-,-,172,-,-,-,-,-
2018030216+0900,-,-,-,1660,0,185,0,1875,0,0,33,0,408,303,0,0,0,0,0,0,0,0,0,0,0,0,0,0,0,0,0,0,0,0,0,0,0,0,0,0,0,0,0,0,1660,-,-,151,-,-,-,-,-
2018030217+0900,-,-,-,1262,0,322,0,1885,0,0,22,0,588,76,0,0,0,0,0,0,0,0,0,0,0,0,0,0,0,0,0,0,0,0,0,0,0,0,0,0,0,0,0,0,1262,-,-,5,-,-,-,-,-
2018030218+0900,-,-,-,1531,0,373,0,1898,0,0,24,0,644,0,0,0,0,0,0,0,0,0,0,0,0,0,0,0,0,0,0,0,0,0,0,0,0,0,0,0,0,0,0,0,1531,-,-,85,-,-,-,-,-
2018030219+0900,-,-,-,1361,0,375,0,1903,0,0,28,0,647,0,0,0,0,0,0,0,0,0,0,0,0,0,0,0,0,0,0,0,0,0,0,0,0,0,0,0,0,0,0,0,1361,-,-,70,-,-,-,-,-
2018030220+0900,-,-,-,1224,0,375,0,330,0,0,27,0,647,0,0,0,0,0,0,0,0,0,0,0,0,0,0,0,0,0,0,0,0,0,0,0,0,0,0,0,0,0,0,0,1224,-,-,110,-,-,-,-,-
2018030221+0900,-,-,-,1236,0,376,0,1901,0,0,24,0,643,0,0,0,0,0,0,0,0,0,0,0,0,0,0,0,0,0,0,0,0,0,0,0,0,0,0,0,0,0,0,0,1236,-,-,192,-,-,-,-,-
2018030222+0900,-,-,-,1500,0,377,0,1910,0,0,31,0,565,0,0,0,0,0,0,0,0,0,0,0,0,0,0,0,0,0,0,0,0,0,0,0,0,0,0,0,0,0,0,0,1500,-,-,130,-,-,-,-,-
2018030223+0900,-,-,-,1177,0,361,0,50,0,0,23,0,139,0,0,0,0,0,0,0,0,0,0,0,0,0,0,0,0,0,0,0,0,0,0,0,0,0,0,0,0,0,0,0,1177,-,-,72,-,-,-,-,-
2018030300+0900,-,-,-,669,0,240,0,1338,0,0,10,0,0,0,0,0,0,0,0,0,0,0,0,0,0,0,0,0,0,0,0,0,0,0,0,0,0,0,0,0,0,0,0,0,669,-,-,0,-,-,-,-,-
2018030301+0900,-,-,-,665,0,0,0,1447,0,0,16,0,0,0,0,0,0,0,0,0,0,0,0,0,0,0,0,0,0,0,0,0,0,0,0,0,0,0,0,0,0,0,0,0,665,-,-,0,-,-,-,-,-
2018030302+0900,-,-,-,458,0,0,0,1619,0,0,10,0,0,0,0,0,0,0,0,0,0,0,0,0,0,0,0,0,0,0,0,0,0,0,0,0,0,0,0,0,0,0,0,0,458,-,-,0,-,-,-,-,-
2018030303+0900,-,-,-,472,0,0,0,2055,0,0,12,0,0,0,0,0,0,0,0,0,0,0,0,0,0,0,0,0,0,0,0,0,0,0,0,0,0,0,0,0,0,0,0,0,472,-,-,0,-,-,-,-,-
2018030304+0900,-,-,-,446,0,0,0,2057,0,0,10,0,0,0,0,0,0,0,0,0,0,0,0,0,0,0,0,0,0,0,0,0,0,0,0,0,0,0,0,0,0,0,0,0,446,-,-,0,-,-,-,-,-
2018030305+0900,-,-,-,425,0,0,0,2023,0,0,4,0,0,0,0,0,0,0,0,0,0,0,0,0,0,0,0,0,0,0,0,0,0,0,0,0,0,0,0,0,0,0,0,0,425,-,-,0,-,-,-,-,-
2018030306+0900,-,-,-,618,0,0,0,895,0,0,13,0,0,0,0,0,0,0,0,0,0,0,0,0,0,0,0,0,0,0,0,0,0,0,0,0,0,0,0,0,0,0,0,0,618,-,-,0,-,-,-,-,-
2018030307+0900,-,-,-,663,0,0,0,0,0,0,7,0,141,0,0,0,0,0,0,0,0,0,0,0,0,0,0,0,0,0,0,0,0,0,0,0,0,0,0,0,0,0,0,0,663,-,-,22,-,-,-,-,-
2018030308+0900,-,-,-,1839,0,0,0,0,0,0,11,0,520,0,0,0,0,0,0,0,0,0,0,0,0,0,0,0,0,0,0,0,0,0,0,0,0,0,0,0,0,0,0,0,1839,-,-,6,-,-,-,-,-
2018030309+0900,-,-,-,1439,0,0,0,0,0,0,24,0,482,0,0,0,0,0,0,0,0,0,0,0,0,0,0,0,0,0,0,0,0,0,0,0,0,0,0,0,0,0,0,0,1439,-,-,13,-,-,-,-,-
2018030310+0900,-,-,-,992,0,146,0,0,0,0,14,0,594,293,0,0,0,0,0,0,0,0,0,0,0,0,0,0,0,0,0,0,0,0,0,0,0,0,0,0,0,0,0,0,992,-,-,67,-,-,-,-,-
2018030311+0900,-,-,-,1386,0,167,0,0,0,0,23,0,645,347,0,0,0,0,0,0,0,0,0,0,0,0,0,0,0,0,0,0,0,0,0,0,0,0,0,0,0,0,0,0,1386,-,-,24,-,-,-,-,-
2018030312+0900,-,-,-,1185,0,166,0,0,0,0,29,0,599,348,0,0,0,0,0,0,0,0,0,0,0,0,0,0,0,0,0,0,0,0,0,0,0,0,0,0,0,0,0,0,1185,-,-,129,-,-,-,-,-
2018030313+0900,-,-,-,1680,0,170,0,0,0,0,39,0,640,348,0,0,0,0,0,0,0,0,0,0,0,0,0,0,0,0,0,0,0,0,0,0,0,0,0,0,0,0,0,0,1680,-,-,228,-,-,-,-,-
2018030314+0900,-,-,-,1110,0,171,0,0,0,0,37,0,633,348,0,0,0,0,0,0,0,0,0,0,0,0,0,0,0,0,0,0,0,0,0,0,0,0,0,0,0,0,0,0,1110,-,-,245,-,-,-,-,-
2018030315+0900,-,-,-,1267,0,175,0,855,0,0,29,0,496,350,0,0,0,0,0,0,0,0,0,0,0,0,0,0,0,0,0,0,0,0,0,0,0,0,0,0,0,0,0,0,1267,-,-,181,-,-,-,-,-
2018030316+0900,-,-,-,1682,0,174,0,307,0,0,22,0,532,350,0,0,0,0,0,0,0,0,0,0,0,0,0,0,0,0,0,0,0,0,0,0,0,0,0,0,0,0,0,0,1682,-,-,5,-,-,-,-,-
2018030317+0900,-,-,-,1417,0,368,0,1811,0,577,17,0,640,233,0,0,0,0,0,0,0,0,0,0,0,0,0,0,0,0,0,0,0,0,0,0,0,0,0,0,0,0,0,0,1417,-,-,6,-,-,-,-,-
2018030318+0900,-,-,-,1592,0,376,0,1881,0,397,16,0,637,219,0,0,0,0,0,0,0,0,0,0,0,0,0,0,0,0,0,0,0,0,0,0,0,0,0,0,0,0,0,0,1592,-,-,63,-,-,-,-,-
2018030319+0900,-,-,-,1851,0,398,0,1925,0,503,25,0,644,218,0,0,0,0,0,0,0,0,0,0,0,0,0,0,0,0,0,0,0,0,0,0,0,0,0,0,0,0,0,0,1851,-,-,77,-,-,-,-,-
2018030320+0900,-,-,-,1594,0,400,0,1920,0,657,19,0,646,218,0,0,0,0,0,0,0,0,0,0,0,0,0,0,0,0,0,0,0,0,0,0,0,0,0,0,0,0,0,0,1594,-,-,98,-,-,-,-,-
2018030321+0900,-,-,-,1439,0,401,0,1302,0,650,31,0,641,217,0,0,0,0,0,0,0,0,0,0,0,0,0,0,0,0,0,0,0,0,0,0,0,0,0,0,0,0,0,0,1439,-,-,197,-,-,-,-,-
2018030322+0900,-,-,-,1387,0,241,0,0,0,152,11,0,622,56,0,0,0,0,0,0,0,0,0,0,0,0,0,0,0,0,0,0,0,0,0,0,0,0,0,0,0,0,0,0,1387,-,-,132,-,-,-,-,-
2018030323+0900,-,-,-,1029,0,33,0,48,0,0,23,0,91,0,0,0,0,0,0,0,0,0,0,0,0,0,0,0,0,0,0,0,0,0,0,0,0,0,0,0,0,0,0,0,1029,-,-,40,-,-,-,-,-
2018030400+0900,-,-,-,968,0,0,0,1414,0,0,17,0,0,0,0,0,0,0,0,0,0,0,0,0,0,0,0,0,0,0,0,0,0,0,0,0,0,0,0,0,0,0,0,0,968,-,-,0,-,-,-,-,-
2018030401+0900,-,-,-,615,0,0,0,1447,0,0,9,0,0,0,0,0,0,0,0,0,0,0,0,0,0,0,0,0,0,0,0,0,0,0,0,0,0,0,0,0,0,0,0,0,615,-,-,0,-,-,-,-,-
2018030402+0900,-,-,-,509,0,0,0,1448,0,0,20,0,0,0,0,0,0,0,0,0,0,0,0,0,0,0,0,0,0,0,0,0,0,0,0,0,0,0,0,0,0,0,0,0,509,-,-,0,-,-,-,-,-
2018030403+0900,-,-,-,521,0,0,0,1446,0,0,10,0,0,0,0,0,0,0,0,0,0,0,0,0,0,0,0,0,0,0,0,0,0,0,0,0,0,0,0,0,0,0,0,0,521,-,-,0,-,-,-,-,-
2018030404+0900,-,-,-,470,0,0,0,1446,0,0,9,0,0,0,0,0,0,0,0,0,0,0,0,0,0,0,0,0,0,0,0,0,0,0,0,0,0,0,0,0,0,0,0,0,470,-,-,0,-,-,-,-,-
2018030405+0900,-,-,-,526,0,0,0,1460,0,0,10,0,0,0,0,0,0,0,0,0,0,0,0,0,0,0,0,0,0,0,0,0,0,0,0,0,0,0,0,0,0,0,0,0,526,-,-,0,-,-,-,-,-
2018030406+0900,-,-,-,662,0,0,0,1363,0,0,10,0,0,0,0,0,0,0,0,0,0,0,0,0,0,0,0,0,0,0,0,0,0,0,0,0,0,0,0,0,0,0,0,0,662,-,-,0,-,-,-,-,-
2018030407+0900,-,-,-,611,0,0,0,0,0,0,13,0,0,0,0,0,0,0,0,0,0,0,0,0,0,0,0,0,0,0,0,0,0,0,0,0,0,0,0,0,0,0,0,0,611,-,-,0,-,-,-,-,-
2018030408+0900,-,-,-,497,0,0,0,0,0,0,14,0,0,0,0,0,0,0,0,0,0,0,0,0,0,0,0,0,0,0,0,0,0,0,0,0,0,0,0,0,0,0,0,0,497,-,-,0,-,-,-,-,-
2018030409+0900,-,-,-,459,0,0,0,0,0,0,16,0,0,0,0,0,0,0,0,0,0,0,0,0,0,0,0,0,0,0,0,0,0,0,0,0,0,0,0,0,0,0,0,0,459,-,-,0,-,-,-,-,-
2018030410+0900,-,-,-,514,0,0,0,0,0,0,17,0,0,0,0,0,0,0,0,0,0,0,0,0,0,0,0,0,0,0,0,0,0,0,0,0,0,0,0,0,0,0,0,0,514,-,-,0,-,-,-,-,-
2018030411+0900,-,-,-,595,0,0,0,0,0,0,26,0,0,0,0,0,0,0,0,0,0,0,0,0,0,0,0,0,0,0,0,0,0,0,0,0,0,0,0,0,0,0,0,0,595,-,-,0,-,-,-,-,-
2018030412+0900,-,-,-,615,0,0,0,0,0,0,33,0,0,0,0,0,0,0,0,0,0,0,0,0,0,0,0,0,0,0,0,0,0,0,0,0,0,0,0,0,0,0,0,0,615,-,-,0,-,-,-,-,-
2018030413+0900,-,-,-,705,0,0,0,0,0,0,27,0,0,0,0,0,0,0,0,0,0,0,0,0,0,0,0,0,0,0,0,0,0,0,0,0,0,0,0,0,0,0,0,0,705,-,-,0,-,-,-,-,-
2018030414+0900,-,-,-,588,0,0,0,0,0,0,35,0,0,0,0,0,0,0,0,0,0,0,0,0,0,0,0,0,0,0,0,0,0,0,0,0,0,0,0,0,0,0,0,0,588,-,-,0,-,-,-,-,-
2018030415+0900,-,-,-,637,0,0,0,0,0,0,34,0,0,0,0,0,0,0,0,0,0,0,0,0,0,0,0,0,0,0,0,0,0,0,0,0,0,0,0,0,0,0,0,0,637,-,-,0,-,-,-,-,-
2018030416+0900,-,-,-,497,0,0,0,0,0,0,24,0,0,0,0,0,0,0,0,0,0,0,0,0,0,0,0,0,0,0,0,0,0,0,0,0,0,0,0,0,0,0,0,0,497,-,-,0,-,-,-,-,-
2018030417+0900,-,-,-,576,0,0,0,0,0,0,23,0,0,0,0,0,0,0,0,0,0,0,0,0,0,0,0,0,0,0,0,0,0,0,0,0,0,0,0,0,0,0,0,0,576,-,-,0,-,-,-,-,-
2018030418+0900,-,-,-,543,0,0,0,0,0,0,30,0,1,0,0,0,0,0,0,0,0,0,0,0,0,0,0,0,0,0,0,0,0,0,0,0,0,0,0,0,0,0,0,0,543,-,-,0,-,-,-,-,-
2018030419+0900,-,-,-,630,0,0,0,0,0,0,22,0,0,0,0,0,0,0,0,0,0,0,0,0,0,0,0,0,0,0,0,0,0,0,0,0,0,0,0,0,0,0,0,0,630,-,-,0,-,-,-,-,-
2018030420+0900,-,-,-,552,0,0,0,0,0,0,22,0,0,0,0,0,0,0,0,0,0,0,0,0,0,0,0,0,0,0,0,0,0,0,0,0,0,0,0,0,0,0,0,0,552,-,-,0,-,-,-,-,-
2018030421+0900,-,-,-,474,0,0,0,0,0,0,22,0,2,0,0,0,0,0,0,0,0,0,0,0,0,0,0,0,0,0,0,0,0,0,0,0,0,0,0,0,0,0,0,0,474,-,-,0,-,-,-,-,-
2018030422+0900,-,-,-,559,0,0,0,0,0,0,22,0,0,0,0,0,0,0,0,0,0,0,0,0,0,0,0,0,0,0,0,0,0,0,0,0,0,0,0,0,0,0,0,0,559,-,-,0,-,-,-,-,-
2018030423+0900,-,-,-,671,0,0,0,0,0,0,22,0,0,0,0,0,0,0,0,0,0,0,0,0,0,0,0,0,0,0,0,0,0,0,0,0,0,0,0,0,0,0,0,0,671,-,-,0,-,-,-,-,-
2018030500+0900,-,-,-,626,0,0,0,0,0,0,22,0,0,0,0,0,0,0,0,0,0,0,0,0,0,0,0,0,0,0,0,0,0,0,0,0,0,0,0,0,0,0,0,0,626,-,-,0,-,-,-,-,-
2018030501+0900,-,-,-,617,0,0,0,0,0,0,21,0,0,0,0,0,0,0,0,0,0,0,0,0,0,0,0,0,0,0,0,0,0,0,0,0,0,0,0,0,0,0,0,0,617,-,-,0,-,-,-,-,-
2018030502+0900,-,-,-,477,0,0,0,0,0,0,21,0,0,0,0,0,0,0,0,0,0,0,0,0,0,0,0,0,0,0,0,0,0,0,0,0,0,0,0,0,0,0,0,0,477,-,-,0,-,-,-,-,-
2018030503+0900,-,-,-,515,0,0,0,208,0,0,21,0,0,0,0,0,0,0,0,0,0,0,0,0,0,0,0,0,0,0,0,0,0,0,0,0,0,0,0,0,0,0,0,0,515,-,-,0,-,-,-,-,-
2018030504+0900,-,-,-,485,0,0,0,669,0,0,21,0,0,0,0,0,0,0,0,0,0,0,0,0,0,0,0,0,0,0,0,0,0,0,0,0,0,0,0,0,0,0,0,0,485,-,-,0,-,-,-,-,-
2018030505+0900,-,-,-,562,0,0,0,0,0,0,27,0,0,0,0,0,0,0,0,0,0,0,0,0,0,0,0,0,0,0,0,0,0,0,0,0,0,0,0,0,0,0,0,0,562,-,-,0,-,-,-,-,-
2018030506+0900,-,-,-,629,0,0,0,0,0,0,14,0,0,0,0,0,0,0,0,0,0,0,0,0,0,0,0,0,0,0,0,0,0,0,0,0,0,0,0,0,0,0,0,0,629,-,-,0,-,-,-,-,-
2018030507+0900,-,-,-,498,0,0,0,0,0,0,22,0,0,0,0,0,0,0,0,0,0,0,0,0,0,0,0,0,0,0,0,0,0,0,0,0,0,0,0,0,0,0,0,0,498,-,-,0,-,-,-,-,-
2018030508+0900,-,-,-,745,0,0,0,0,0,0,21,0,0,0,0,0,0,0,0,0,0,0,0,0,0,0,0,0,0,0,0,0,0,0,0,0,0,0,0,0,0,0,0,0,745,-,-,0,-,-,-,-,-
2018030509+0900,-,-,-,2524,0,115,0,0,0,0,21,0,480,278,0,0,0,0,0,0,0,0,0,0,0,0,0,0,0,0,0,0,0,0,0,0,0,0,0,0,0,0,0,0,2524,-,-,25,-,-,-,-,-
2018030510+0900,-,-,-,1470,0,154,0,0,0,0,22,0,631,378,0,0,0,0,0,0,0,0,0,0,0,0,0,0,0,0,0,0,0,0,0,0,0,0,0,0,0,0,0,0,1470,-,-,18,-,-,-,-,-
2018030511+0900,-,-,-,1540,0,152,0,0,0,0,25,0,632,378,0,0,0,0,0,0,0,0,0,0,0,0,0,0,0,0,0,0,0,0,0,0,0,0,0,0,0,0,0,0,1540,-,-,39,-,-,-,-,-
2018030512+0900,-,-,-,1284,0,154,0,0,0,0,25,0,638,378,0,0,0,0,0,0,0,0,0,0,0,0,0,0,0,0,0,0,0,0,0,0,0,0,0,0,0,0,0,0,1284,-,-,129,-,-,-,-,-
2018030513+0900,-,-,-,1328,0,154,0,0,0,0,31,0,501,377,0,0,0,0,0,0,0,0,0,0,0,0,0,0,0,0,0,0,0,0,0,0,0,0,0,0,0,0,0,0,1328,-,-,140,-,-,-,-,-
2018030514+0900,-,-,-,1829,0,155,0,0,0,0,31,0,477,378,0,0,0,0,0,0,0,0,0,0,0,0,0,0,0,0,0,0,0,0,0,0,0,0,0,0,0,0,0,0,1829,-,-,146,-,-,-,-,-
2018030515+0900,-,-,-,1130,0,151,0,0,0,0,32,0,585,379,0,0,0,0,0,0,0,0,0,0,0,0,0,0,0,0,0,0,0,0,0,0,0,0,0,0,0,0,0,0,1130,-,-,142,-,-,-,-,-
2018030516+0900,-,-,-,960,0,149,0,179,0,0,28,0,636,378,0,0,0,0,0,0,0,0,0,0,0,0,0,0,0,0,0,0,0,0,0,0,0,0,0,0,0,0,0,0,960,-,-,129,-,-,-,-,-
2018030517+0900,-,-,-,716,0,71,0,1844,0,0,21,0,142,4,0,0,0,0,0,0,0,0,0,0,0,0,0,0,0,0,0,0,0,0,0,0,0,0,0,0,0,0,0,0,716,-,-,18,-,-,-,-,-
2018030518+0900,-,-,-,631,0,71,0,1847,0,0,14,0,0,0,0,0,0,0,0,0,0,0,0,0,0,0,0,0,0,0,0,0,0,0,0,0,0,0,0,0,0,0,0,0,631,-,-,0,-,-,-,-,-
2018030519+0900,-,-,-,846,0,72,0,1847,0,0,18,0,0,0,0,0,0,0,0,0,0,0,0,0,0,0,0,0,0,0,0,0,0,0,0,0,0,0,0,0,0,0,0,0,846,-,-,0,-,-,-,-,-
2018030520+0900,-,-,-,524,0,72,0,1848,0,0,15,0,0,0,0,0,0,0,0,0,0,0,0,0,0,0,0,0,0,0,0,0,0,0,0,0,0,0,0,0,0,0,0,0,524,-,-,0,-,-,-,-,-
2018030521+0900,-,-,-,561,0,71,0,21,0,0,16,0,0,0,0,0,0,0,0,0,0,0,0,0,0,0,0,0,0,0,0,0,0,0,0,0,0,0,0,0,0,0,0,0,561,-,-,0,-,-,-,-,-
2018030522+0900,-,-,-,448,0,72,0,0,0,0,17,0,0,0,0,0,0,0,0,0,0,0,0,0,0,0,0,0,0,0,0,0,0,0,0,0,0,0,0,0,0,0,0,0,448,-,-,0,-,-,-,-,-
2018030523+0900,-,-,-,559,0,70,0,0,0,0,16,0,0,0,0,0,0,0,0,0,0,0,0,0,0,0,0,0,0,0,0,0,0,0,0,0,0,0,0,0,0,0,0,0,559,-,-,0,-,-,-,-,-
2018030600+0900,-,-,-,598,0,70,0,0,0,0,10,0,0,0,0,0,0,0,0,0,0,0,0,0,0,0,0,0,0,0,0,0,0,0,0,0,0,0,0,0,0,0,0,0,598,-,-,0,-,-,-,-,-
2018030601+0900,-,-,-,521,0,35,0,0,0,0,10,0,0,0,0,0,0,0,0,0,0,0,0,0,0,0,0,0,0,0,0,0,0,0,0,0,0,0,0,0,0,0,0,0,521,-,-,0,-,-,-,-,-
2018030602+0900,-,-,-,509,0,0,0,343,0,0,20,0,0,0,0,0,0,0,0,0,0,0,0,0,0,0,0,0,0,0,0,0,0,0,0,0,0,0,0,0,0,0,0,0,509,-,-,0,-,-,-,-,-
2018030603+0900,-,-,-,569,0,0,0,1079,0,0,12,0,0,0,0,0,0,0,0,0,0,0,0,0,0,0,0,0,0,0,0,0,0,0,0,0,0,0,0,0,0,0,0,0,569,-,-,0,-,-,-,-,-
2018030604+0900,-,-,-,460,0,0,0,1087,0,0,10,0,0,0,0,0,0,0,0,0,0,0,0,0,0,0,0,0,0,0,0,0,0,0,0,0,0,0,0,0,0,0,0,0,460,-,-,0,-,-,-,-,-
2018030605+0900,-,-,-,582,0,0,0,1326,0,0,10,0,0,0,0,0,0,0,0,0,0,0,0,0,0,0,0,0,0,0,0,0,0,0,0,0,0,0,0,0,0,0,0,0,582,-,-,0,-,-,-,-,-
2018030606+0900,-,-,-,445,0,0,0,94,0,0,11,0,0,0,0,0,0,0,0,0,0,0,0,0,0,0,0,0,0,0,0,0,0,0,0,0,0,0,0,0,0,0,0,0,445,-,-,0,-,-,-,-,-
2018030607+0900,-,-,-,594,0,0,0,0,0,0,13,0,0,0,0,0,0,0,0,0,0,0,0,0,0,0,0,0,0,0,0,0,0,0,0,0,0,0,0,0,0,0,0,0,594,-,-,0,-,-,-,-,-
2018030608+0900,-,-,-,556,0,0,0,0,0,0,17,0,80,0,0,0,0,0,0,0,0,0,0,0,0,0,0,0,0,0,0,0,0,0,0,0,0,0,0,0,0,0,0,0,556,-,-,19,-,-,-,-,-
2018030609+0900,-,-,-,2568,0,0,0,0,0,0,14,0,565,0,0,0,0,0,0,0,0,0,0,0,0,0,0,0,0,0,0,0,0,0,0,0,0,0,0,0,0,0,0,0,2568,-,-,27,-,-,-,-,-
2018030610+0900,-,-,-,1926,0,0,0,0,0,0,34,0,645,0,0,0,0,0,0,0,0,0,0,0,0,0,0,0,0,0,0,0,0,0,0,0,0,0,0,0,0,0,0,0,1926,-,-,39,-,-,-,-,-
2018030611+0900,-,-,-,1579,0,0,0,0,0,0,25,0,649,0,0,0,0,0,0,0,0,0,0,0,0,0,0,0,0,0,0,0,0,0,0,0,0,0,0,0,0,0,0,0,1579,-,-,0,-,-,-,-,-
2018030612+0900,-,-,-,1641,0,0,0,0,0,0,38,0,565,0,0,0,0,0,0,0,0,0,0,0,0,0,0,0,0,0,0,0,0,0,0,0,0,0,0,0,0,0,0,0,1641,-,-,95,-,-,-,-,-
2018030613+0900,-,-,-,1636,0,0,0,0,0,0,48,0,641,0,0,0,0,0,0,0,0,0,0,0,0,0,0,0,0,0,0,0,0,0,0,0,0,0,0,0,0,0,0,0,1636,-,-,190,-,-,-,-,-
2018030614+0900,-,-,-,1097,0,6,0,0,0,0,32,0,447,0,0,0,0,0,0,0,0,0,0,0,0,0,0,0,0,0,0,0,0,0,0,0,0,0,0,0,0,0,0,0,1097,-,-,60,-,-,-,-,-
2018030615+0900,-,-,-,824,0,0,0,0,0,0,38,0,155,0,0,0,0,0,0,0,0,0,0,0,0,0,0,0,0,0,0,0,0,0,0,0,0,0,0,0,0,0,0,0,824,-,-,3,-,-,-,-,-
2018030616+0900,-,-,-,787,0,20,0,0,0,90,23,0,0,25,0,0,0,0,0,0,0,0,0,0,0,0,0,0,0,0,0,0,0,0,0,0,0,0,0,0,0,0,0,0,787,-,-,0,-,-,-,-,-
2018030617+0900,-,-,-,1129,0,219,0,1759,0,649,21,0,176,38,0,0,0,0,0,0,0,0,0,0,0,0,0,0,0,0,0,0,0,0,0,0,0,0,0,0,0,0,0,0,1129,-,-,4,-,-,-,-,-
2018030618+0900,-,-,-,1533,0,374,0,1896,0,635,14,0,511,51,0,0,0,0,0,0,0,0,0,0,0,0,0,0,0,0,0,0,0,0,0,0,0,0,0,0,0,0,0,0,1533,-,-,23,-,-,-,-,-
2018030619+0900,-,-,-,1767,0,375,0,1273,0,632,27,0,639,52,0,0,0,0,0,0,0,0,0,0,0,0,0,0,0,0,0,0,0,0,0,0,0,0,0,0,0,0,0,0,1767,-,-,40,-,-,-,-,-
2018030620+0900,-,-,-,1235,0,376,0,366,0,628,17,0,643,52,0,0,0,0,0,0,0,0,0,0,0,0,0,0,0,0,0,0,0,0,0,0,0,0,0,0,0,0,0,0,1235,-,-,86,-,-,-,-,-
2018030621+0900,-,-,-,1044,0,212,0,1920,0,339,25,0,277,26,0,0,0,0,0,0,0,0,0,0,0,0,0,0,0,0,0,0,0,0,0,0,0,0,0,0,0,0,0,0,1044,-,-,56,-,-,-,-,-
2018030622+0900,-,-,-,520,0,0,0,59,0,0,13,0,0,0,0,0,0,0,0,0,0,0,0,0,0,0,0,0,0,0,0,0,0,0,0,0,0,0,0,0,0,0,0,0,520,-,-,0,-,-,-,-,-
2018030623+0900,-,-,-,696,0,0,0,0,0,0,17,0,0,0,0,0,0,0,0,0,0,0,0,0,0,0,0,0,0,0,0,0,0,0,0,0,0,0,0,0,0,0,0,0,696,-,-,0,-,-,-,-,-
2018030700+0900,-,-,-,561,0,0,0,0,0,0,14,0,0,0,0,0,0,0,0,0,0,0,0,0,0,0,0,0,0,0,0,0,0,0,0,0,0,0,0,0,0,0,0,0,561,-,-,0,-,-,-,-,-
2018030701+0900,-,-,-,722,0,0,0,0,0,0,13,0,0,0,0,0,0,0,0,0,0,0,0,0,0,0,0,0,0,0,0,0,0,0,0,0,0,0,0,0,0,0,0,0,722,-,-,0,-,-,-,-,-
2018030702+0900,-,-,-,670,0,0,0,175,0,0,9,0,0,0,0,0,0,0,0,0,0,0,0,0,0,0,0,0,0,0,0,0,0,0,0,0,0,0,0,0,0,0,0,0,670,-,-,0,-,-,-,-,-
2018030703+0900,-,-,-,528,0,0,0,1052,0,0,17,0,0,0,0,0,0,0,0,0,0,0,0,0,0,0,0,0,0,0,0,0,0,0,0,0,0,0,0,0,0,0,0,0,528,-,-,0,-,-,-,-,-
2018030704+0900,-,-,-,475,0,0,0,1055,0,0,12,0,0,0,0,0,0,0,0,0,0,0,0,0,0,0,0,0,0,0,0,0,0,0,0,0,0,0,0,0,0,0,0,0,475,-,-,0,-,-,-,-,-
2018030705+0900,-,-,-,592,0,0,0,1050,0,0,11,0,0,0,0,0,0,0,0,0,0,0,0,0,0,0,0,0,0,0,0,0,0,0,0,0,0,0,0,0,0,0,0,0,592,-,-,0,-,-,-,-,-
2018030706+0900,-,-,-,561,0,0,0,1623,0,0,3,0,0,0,0,0,0,0,0,0,0,0,0,0,0,0,0,0,0,0,0,0,0,0,0,0,0,0,0,0,0,0,0,0,561,-,-,0,-,-,-,-,-
2018030707+0900,-,-,-,572,0,0,0,95,0,0,12,0,0,0,0,0,0,0,0,0,0,0,0,0,0,0,0,0,0,0,0,0,0,0,0,0,0,0,0,0,0,0,0,0,572,-,-,0,-,-,-,-,-
2018030708+0900,-,-,-,523,0,0,0,0,0,0,11,0,0,0,0,0,0,0,0,0,0,0,0,0,0,0,0,0,0,0,0,0,0,0,0,0,0,0,0,0,0,0,0,0,523,-,-,0,-,-,-,-,-
2018030709+0900,-,-,-,2729,0,27,0,0,0,0,21,0,270,61,0,0,0,0,0,0,0,0,0,0,0,0,0,0,0,0,0,0,0,0,0,0,0,0,0,0,0,0,0,0,2729,-,-,29,-,-,-,-,-
2018030710+0900,-,-,-,1522,0,150,0,0,0,0,23,0,616,330,0,0,0,0,0,0,0,0,0,0,0,0,0,0,0,0,0,0,0,0,0,0,0,0,0,0,0,0,0,0,1522,-,-,29,-,-,-,-,-
2018030711+0900,-,-,-,1348,0,143,0,0,0,0,25,0,645,324,0,0,0,0,0,0,0,0,0,0,0,0,0,0,0,0,0,0,0,0,0,0,0,0,0,0,0,0,0,0,1348,-,-,75,-,-,-,-,-
2018030712+0900,-,-,-,1405,0,142,0,0,0,0,25,0,649,323,0,0,0,0,0,0,0,0,0,0,0,0,0,0,0,0,0,0,0,0,0,0,0,0,0,0,0,0,0,0,1405,-,-,140,-,-,-,-,-
2018030713+0900,-,-,-,1664,0,145,0,0,0,0,34,0,643,321,0,0,0,0,0,0,0,0,0,0,0,0,0,0,0,0,0,0,0,0,0,0,0,0,0,0,0,0,0,0,1664,-,-,153,-,-,-,-,-
2018030714+0900,-,-,-,1188,0,149,0,0,0,0,34,0,494,323,0,0,0,0,0,0,0,0,0,0,0,0,0,0,0,0,0,0,0,0,0,0,0,0,0,0,0,0,0,0,1188,-,-,162,-,-,-,-,-
2018030715+0900,-,-,-,988,0,151,0,0,0,0,27,0,410,321,0,0,0,0,0,0,0,0,0,0,0,0,0,0,0,0,0,0,0,0,0,0,0,0,0,0,0,0,0,0,988,-,-,145,-,-,-,-,-
2018030716+0900,-,-,-,1076,0,152,0,998,0,0,29,0,410,323,0,0,0,0,0,0,0,0,0,0,0,0,0,0,0,0,0,0,0,0,0,0,0,0,0,0,0,0,0,0,1076,-,-,88,-,-,-,-,-
2018030717+0900,-,-,-,1050,0,290,0,1490,0,362,18,0,409,140,0,0,0,0,0,0,0,0,0,0,0,0,0,0,0,0,0,0,0,0,0,0,0,0,0,0,0,0,0,0,1050,-,-,16,-,-,-,-,-
2018030718+0900,-,-,-,1298,0,396,0,1626,0,645,21,0,559,0,0,0,0,0,0,0,0,0,0,0,0,0,0,0,0,0,0,0,0,0,0,0,0,0,0,0,0,0,0,0,1298,-,-,24,-,-,-,-,-
2018030719+0900,-,-,-,1782,0,397,0,1624,0,649,16,0,638,0,0,0,0,0,0,0,0,0,0,0,0,0,0,0,0,0,0,0,0,0,0,0,0,0,0,0,0,0,0,0,1782,-,-,11,-,-,-,-,-
2018030720+0900,-,-,-,1322,0,249,0,1702,0,334,20,0,539,0,0,0,0,0,0,0,0,0,0,0,0,0,0,0,0,0,0,0,0,0,0,0,0,0,0,0,0,0,0,0,1322,-,-,61,-,-,-,-,-
2018030721+0900,-,-,-,880,0,93,0,822,0,0,29,0,240,0,0,0,0,0,0,0,0,0,0,0,0,0,0,0,0,0,0,0,0,0,0,0,0,0,0,0,0,0,0,0,880,-,-,58,-,-,-,-,-
2018030722+0900,-,-,-,610,0,1,0,0,0,0,19,0,0,0,0,0,0,0,0,0,0,0,0,0,0,0,0,0,0,0,0,0,0,0,0,0,0,0,0,0,0,0,0,0,610,-,-,0,-,-,-,-,-
2018030723+0900,-,-,-,553,0,0,0,0,0,0,17,0,0,0,0,0,0,0,0,0,0,0,0,0,0,0,0,0,0,0,0,0,0,0,0,0,0,0,0,0,0,0,0,0,553,-,-,0,-,-,-,-,-
2018030800+0900,-,-,-,574,0,0,0,0,0,0,16,0,0,0,0,0,0,0,0,0,0,0,0,0,0,0,0,0,0,0,0,0,0,0,0,0,0,0,0,0,0,0,0,0,574,-,-,0,-,-,-,-,-
2018030801+0900,-,-,-,592,0,0,0,0,0,0,16,0,0,0,0,0,0,0,0,0,0,0,0,0,0,0,0,0,0,0,0,0,0,0,0,0,0,0,0,0,0,0,0,0,592,-,-,0,-,-,-,-,-
2018030802+0900,-,-,-,499,0,0,0,541,0,0,10,0,0,0,0,0,0,0,0,0,0,0,0,0,0,0,0,0,0,0,0,0,0,0,0,0,0,0,0,0,0,0,0,0,499,-,-,0,-,-,-,-,-
2018030803+0900,-,-,-,668,0,0,0,1106,0,0,16,0,0,0,0,0,0,0,0,0,0,0,0,0,0,0,0,0,0,0,0,0,0,0,0,0,0,0,0,0,0,0,0,0,668,-,-,0,-,-,-,-,-
2018030804+0900,-,-,-,459,0,0,0,1101,0,0,17,0,0,0,0,0,0,0,0,0,0,0,0,0,0,0,0,0,0,0,0,0,0,0,0,0,0,0,0,0,0,0,0,0,459,-,-,0,-,-,-,-,-
2018030805+0900,-,-,-,611,0,0,0,626,0,0,10,0,0,0,0,0,0,0,0,0,0,0,0,0,0,0,0,0,0,0,0,0,0,0,0,0,0,0,0,0,0,0,0,0,611,-,-,0,-,-,-,-,-
2018030806+0900,-,-,-,499,0,0,0,0,0,0,16,0,0,0,0,0,0,0,0,0,0,0,0,0,0,0,0,0,0,0,0,0,0,0,0,0,0,0,0,0,0,0,0,0,499,-,-,0,-,-,-,-,-
2018030807+0900,-,-,-,560,0,0,0,0,0,0,14,0,0,0,0,0,0,0,0,0,0,0,0,0,0,0,0,0,0,0,0,0,0,0,0,0,0,0,0,0,0,0,0,0,560,-,-,0,-,-,-,-,-
2018030808+0900,-,-,-,541,0,0,0,0,0,0,12,0,19,0,0,0,0,0,0,0,0,0,0,0,0,0,0,0,0,0,0,0,0,0,0,0,0,0,0,0,0,0,0,0,541,-,-,2,-,-,-,-,-
2018030809+0900,-,-,-,1881,0,175,0,0,0,65,21,0,600,226,0,0,0,0,0,0,0,0,0,0,0,0,0,0,0,0,0,0,0,0,0,0,0,0,0,0,0,0,0,0,1881,-,-,24,-,-,-,-,-
2018030810+0900,-,-,-,1503,0,147,0,0,0,0,20,0,624,219,0,0,0,0,0,0,0,0,0,0,0,0,0,0,0,0,0,0,0,0,0,0,0,0,0,0,0,0,0,0,1503,-,-,48,-,-,-,-,-
2018030811+0900,-,-,-,1453,0,147,0,0,0,164,20,0,626,264,0,0,0,0,0,0,0,0,0,0,0,0,0,0,0,0,0,0,0,0,0,0,0,0,0,0,0,0,0,0,1453,-,-,63,-,-,-,-,-
2018030812+0900,-,-,-,1658,0,147,0,0,0,289,27,0,630,295,0,0,0,0,0,0,0,0,0,0,0,0,0,0,0,0,0,0,0,0,0,0,0,0,0,0,0,0,0,0,1658,-,-,145,-,-,-,-,-
2018030813+0900,-,-,-,1290,0,146,0,0,0,290,27,0,631,296,0,0,0,0,0,0,0,0,0,0,0,0,0,0,0,0,0,0,0,0,0,0,0,0,0,0,0,0,0,0,1290,-,-,150,-,-,-,-,-
2018030814+0900,-,-,-,1652,0,145,0,0,0,290,27,0,527,295,0,0,0,0,0,0,0,0,0,0,0,0,0,0,0,0,0,0,0,0,0,0,0,0,0,0,0,0,0,0,1652,-,-,252,-,-,-,-,-
2018030815+0900,-,-,-,909,0,143,0,1215,0,295,31,0,404,296,0,0,0,0,0,0,0,0,0,0,0,0,0,0,0,0,0,0,0,0,0,0,0,0,0,0,0,0,0,0,909,-,-,181,-,-,-,-,-
2018030816+0900,-,-,-,791,0,148,0,522,0,295,19,0,410,294,0,0,0,0,0,0,0,0,0,0,0,0,0,0,0,0,0,0,0,0,0,0,0,0,0,0,0,0,0,0,791,-,-,12,-,-,-,-,-
2018030817+0900,-,-,-,1351,0,206,0,1792,0,376,21,0,406,233,0,0,0,0,0,0,0,0,0,0,0,0,0,0,0,0,0,0,0,0,0,0,0,0,0,0,0,0,0,0,1351,-,-,17,-,-,-,-,-
2018030818+0900,-,-,-,1143,0,396,0,1938,0,627,20,0,555,37,0,0,0,0,0,0,0,0,0,0,0,0,0,0,0,0,0,0,0,0,0,0,0,0,0,0,0,0,0,0,1143,-,-,32,-,-,-,-,-
2018030819+0900,-,-,-,1177,0,394,0,1940,0,623,13,0,632,36,0,0,0,0,0,0,0,0,0,0,0,0,0,0,0,0,0,0,0,0,0,0,0,0,0,0,0,0,0,0,1177,-,-,49,-,-,-,-,-
2018030820+0900,-,-,-,976,0,397,0,1934,0,314,20,0,641,36,0,0,0,0,0,0,0,0,0,0,0,0,0,0,0,0,0,0,0,0,0,0,0,0,0,0,0,0,0,0,976,-,-,78,-,-,-,-,-
2018030821+0900,-,-,-,980,0,136,0,726,0,0,17,0,77,12,0,0,0,0,0,0,0,0,0,0,0,0,0,0,0,0,0,0,0,0,0,0,0,0,0,0,0,0,0,0,980,-,-,41,-,-,-,-,-
2018030822+0900,-,-,-,580,0,0,0,0,0,0,15,0,0,0,0,0,0,0,0,0,0,0,0,0,0,0,0,0,0,0,0,0,0,0,0,0,0,0,0,0,0,0,0,0,580,-,-,0,-,-,-,-,-
2018030823+0900,-,-,-,549,0,0,0,0,0,0,15,0,0,0,0,0,0,0,0,0,0,0,0,0,0,0,0,0,0,0,0,0,0,0,0,0,0,0,0,0,0,0,0,0,549,-,-,0,-,-,-,-,-
2018030900+0900,-,-,-,568,0,0,0,0,0,0,9,0,0,0,0,0,0,0,0,0,0,0,0,0,0,0,0,0,0,0,0,0,0,0,0,0,0,0,0,0,0,0,0,0,568,-,-,0,-,-,-,-,-
2018030901+0900,-,-,-,486,0,0,0,533,0,0,17,0,0,0,0,0,0,0,0,0,0,0,0,0,0,0,0,0,0,0,0,0,0,0,0,0,0,0,0,0,0,0,0,0,486,-,-,0,-,-,-,-,-
2018030902+0900,-,-,-,564,0,0,0,1089,0,0,18,0,0,0,0,0,0,0,0,0,0,0,0,0,0,0,0,0,0,0,0,0,0,0,0,0,0,0,0,0,0,0,0,0,564,-,-,0,-,-,-,-,-
2018030903+0900,-,-,-,512,0,0,0,1085,0,0,15,0,0,0,0,0,0,0,0,0,0,0,0,0,0,0,0,0,0,0,0,0,0,0,0,0,0,0,0,0,0,0,0,0,512,-,-,0,-,-,-,-,-
2018030904+0900,-,-,-,494,0,0,0,1082,0,0,12,0,0,0,0,0,0,0,0,0,0,0,0,0,0,0,0,0,0,0,0,0,0,0,0,0,0,0,0,0,0,0,0,0,494,-,-,0,-,-,-,-,-
2018030905+0900,-,-,-,567,0,0,0,1088,0,0,11,0,0,0,0,0,0,0,0,0,0,0,0,0,0,0,0,0,0,0,0,0,0,0,0,0,0,0,0,0,0,0,0,0,567,-,-,0,-,-,-,-,-
2018030906+0900,-,-,-,476,0,0,0,1061,0,0,6,0,0,0,0,0,0,0,0,0,0,0,0,0,0,0,0,0,0,0,0,0,0,0,0,0,0,0,0,0,0,0,0,0,476,-,-,0,-,-,-,-,-
2018030907+0900,-,-,-,701,0,0,0,923,0,0,9,0,0,0,0,0,0,0,0,0,0,0,0,0,0,0,0,0,0,0,0,0,0,0,0,0,0,0,0,0,0,0,0,0,701,-,-,0,-,-,-,-,-
2018030908+0900,-,-,-,464,0,0,0,0,0,0,18,0,0,0,0,0,0,0,0,0,0,0,0,0,0,0,0,0,0,0,0,0,0,0,0,0,0,0,0,0,0,0,0,0,464,-,-,0,-,-,-,-,-
2018030909+0900,-,-,-,1878,0,0,0,0,0,0,24,0,402,0,0,0,0,0,0,0,0,0,0,0,0,0,0,0,0,0,0,0,0,0,0,0,0,0,0,0,0,0,0,0,1878,-,-,36,-,-,-,-,-
2018030910+0900,-,-,-,1958,0,0,0,0,0,0,26,0,639,0,0,0,0,0,0,0,0,0,0,0,0,0,0,0,0,0,0,0,0,0,0,0,0,0,0,0,0,0,0,0,1958,-,-,38,-,-,-,-,-
2018030911+0900,-,-,-,1521,0,72,0,0,0,0,26,0,636,146,0,0,0,0,0,0,0,0,0,0,0,0,0,0,0,0,0,0,0,0,0,0,0,0,0,0,0,0,0,0,1521,-,-,65,-,-,-,-,-
2018030912+0900,-,-,-,1594,0,154,0,0,0,0,31,0,634,312,0,0,0,0,0,0,0,0,0,0,0,0,0,0,0,0,0,0,0,0,0,0,0,0,0,0,0,0,0,0,1594,-,-,135,-,-,-,-,-
2018030913+0900,-,-,-,1457,0,157,0,0,0,0,18,0,645,311,0,0,0,0,0,0,0,0,0,0,0,0,0,0,0,0,0,0,0,0,0,0,0,0,0,0,0,0,0,0,1457,-,-,135,-,-,-,-,-
2018030914+0900,-,-,-,1118,0,157,0,0,0,0,32,0,643,310,0,0,0,0,0,0,0,0,0,0,0,0,0,0,0,0,0,0,0,0,0,0,0,0,0,0,0,0,0,0,1118,-,-,158,-,-,-,-,-
2018030915+0900,-,-,-,954,0,159,0,0,0,0,25,0,650,311,0,0,0,0,0,0,0,0,0,0,0,0,0,0,0,0,0,0,0,0,0,0,0,0,0,0,0,0,0,0,954,-,-,106,-,-,-,-,-
2018030916+0900,-,-,-,983,0,158,0,0,0,0,17,0,161,310,0,0,0,0,0,0,0,0,0,0,0,0,0,0,0,0,0,0,0,0,0,0,0,0,0,0,0,0,0,0,983,-,-,4,-,-,-,-,-
2018030917+0900,-,-,-,1051,0,254,0,1743,0,359,16,0,391,163,0,0,0,0,0,0,0,0,0,0,0,0,0,0,0,0,0,0,0,0,0,0,0,0,0,0,0,0,0,0,1051,-,-,8,-,-,-,-,-
2018030918+0900,-,-,-,1488,0,327,0,1901,0,630,16,0,568,52,0,0,0,0,0,0,0,0,0,0,0,0,0,0,0,0,0,0,0,0,0,0,0,0,0,0,0,0,0,0,1488,-,-,33,-,-,-,-,-
2018030919+0900,-,-,-,1421,0,329,0,1901,0,629,23,0,645,52,0,0,0,0,0,0,0,0,0,0,0,0,0,0,0,0,0,0,0,0,0,0,0,0,0,0,0,0,0,0,1421,-,-,146,-,-,-,-,-
2018030920+0900,-,-,-,908,0,327,0,1896,0,628,23,0,643,52,0,0,0,0,0,0,0,0,0,0,0,0,0,0,0,0,0,0,0,0,0,0,0,0,0,0,0,0,0,0,908,-,-,136,-,-,-,-,-
2018030921+0900,-,-,-,889,0,225,0,1896,0,360,21,0,565,29,0,0,0,0,0,0,0,0,0,0,0,0,0,0,0,0,0,0,0,0,0,0,0,0,0,0,0,0,0,0,889,-,-,84,-,-,-,-,-
2018030922+0900,-,-,-,749,0,40,0,369,0,0,13,0,166,0,0,0,0,0,0,0,0,0,0,0,0,0,0,0,0,0,0,0,0,0,0,0,0,0,0,0,0,0,0,0,749,-,-,48,-,-,-,-,-
2018030923+0900,-,-,-,655,0,0,0,0,0,0,18,0,0,0,0,0,0,0,0,0,0,0,0,0,0,0,0,0,0,0,0,0,0,0,0,0,0,0,0,0,0,0,0,0,655,-,-,0,-,-,-,-,-
2018031000+0900,-,-,-,520,0,0,0,76,0,0,12,0,0,0,0,0,0,0,0,0,0,0,0,0,0,0,0,0,0,0,0,0,0,0,0,0,0,0,0,0,0,0,0,0,520,-,-,0,-,-,-,-,-
2018031001+0900,-,-,-,584,0,0,0,1060,0,0,3,0,0,0,0,0,0,0,0,0,0,0,0,0,0,0,0,0,0,0,0,0,0,0,0,0,0,0,0,0,0,0,0,0,584,-,-,0,-,-,-,-,-
2018031002+0900,-,-,-,508,0,0,0,1095,0,0,17,0,0,0,0,0,0,0,0,0,0,0,0,0,0,0,0,0,0,0,0,0,0,0,0,0,0,0,0,0,0,0,0,0,508,-,-,0,-,-,-,-,-
2018031003+0900,-,-,-,467,0,0,0,1507,0,0,5,0,0,0,0,0,0,0,0,0,0,0,0,0,0,0,0,0,0,0,0,0,0,0,0,0,0,0,0,0,0,0,0,0,467,-,-,0,-,-,-,-,-
2018031004+0900,-,-,-,595,0,0,0,1526,0,0,4,0,0,0,0,0,0,0,0,0,0,0,0,0,0,0,0,0,0,0,0,0,0,0,0,0,0,0,0,0,0,0,0,0,595,-,-,0,-,-,-,-,-
2018031005+0900,-,-,-,529,0,0,0,1476,0,0,6,0,0,0,0,0,0,0,0,0,0,0,0,0,0,0,0,0,0,0,0,0,0,0,0,0,0,0,0,0,0,0,0,0,529,-,-,0,-,-,-,-,-
2018031006+0900,-,-,-,606,0,0,0,884,0,0,4,0,0,0,0,0,0,0,0,0,0,0,0,0,0,0,0,0,0,0,0,0,0,0,0,0,0,0,0,0,0,0,0,0,606,-,-,0,-,-,-,-,-
2018031007+0900,-,-,-,504,0,0,0,0,0,0,7,0,0,0,0,0,0,0,0,0,0,0,0,0,0,0,0,0,0,0,0,0,0,0,0,0,0,0,0,0,0,0,0,0,504,-,-,0,-,-,-,-,-
2018031008+0900,-,-,-,475,0,0,0,0,0,0,13,0,0,0,0,0,0,0,0,0,0,0,0,0,0,0,0,0,0,0,0,0,0,0,0,0,0,0,0,0,0,0,0,0,475,-,-,0,-,-,-,-,-
2018031009+0900,-,-,-,1727,0,62,0,0,0,0,19,0,334,126,0,0,0,0,0,0,0,0,0,0,0,0,0,0,0,0,0,0,0,0,0,0,0,0,0,0,0,0,0,0,1727,-,-,28,-,-,-,-,-
2018031010+0900,-,-,-,1721,0,152,0,0,0,0,24,0,488,296,0,0,0,0,0,0,0,0,0,0,0,0,0,0,0,0,0,0,0,0,0,0,0,0,0,0,0,0,0,0,1721,-,-,11,-,-,-,-,-
2018031011+0900,-,-,-,1805,0,152,0,0,0,0,32,0,587,295,0,0,0,0,0,0,0,0,0,0,0,0,0,0,0,0,0,0,0,0,0,0,0,0,0,0,0,0,0,0,1805,-,-,63,-,-,-,-,-
2018031012+0900,-,-,-,1543,0,154,0,0,0,0,37,0,652,312,0,0,0,0,0,0,0,0,0,0,0,0,0,0,0,0,0,0,0,0,0,0,0,0,0,0,0,0,0,0,1543,-,-,164,-,-,-,-,-
2018031013+0900,-,-,-,1146,0,156,0,0,0,0,45,0,650,331,0,0,0,0,0,0,0,0,0,0,0,0,0,0,0,0,0,0,0,0,0,0,0,0,0,0,0,0,0,0,1146,-,-,147,-,-,-,-,-
2018031014+0900,-,-,-,802,0,156,0,0,0,0,36,0,656,331,0,0,0,0,0,0,0,0,0,0,0,0,0,0,0,0,0,0,0,0,0,0,0,0,0,0,0,0,0,0,802,-,-,265,-,-,-,-,-
2018031015+0900,-,-,-,1110,0,158,0,580,0,0,40,0,585,332,0,0,0,0,0,0,0,0,0,0,0,0,0,0,0,0,0,0,0,0,0,0,0,0,0,0,0,0,0,0,1110,-,-,171,-,-,-,-,-
2018031016+0900,-,-,-,1094,0,159,0,578,0,0,25,0,498,331,0,0,0,0,0,0,0,0,0,0,0,0,0,0,0,0,0,0,0,0,0,0,0,0,0,0,0,0,0,0,1094,-,-,6,-,-,-,-,-
2018031017+0900,-,-,-,1151,0,157,0,1779,0,0,26,0,493,332,0,0,0,0,0,0,0,0,0,0,0,0,0,0,0,0,0,0,0,0,0,0,0,0,0,0,0,0,0,0,1151,-,-,10,-,-,-,-,-
2018031018+0900,-,-,-,1409,0,300,0,1895,0,381,14,0,516,163,0,0,0,0,0,0,0,0,0,0,0,0,0,0,0,0,0,0,0,0,0,0,0,0,0,0,0,0,0,0,1409,-,-,26,-,-,-,-,-
2018031019+0900,-,-,-,1215,0,373,0,1930,0,640,28,0,639,71,0,0,0,0,0,0,0,0,0,0,0,0,0,0,0,0,0,0,0,0,0,0,0,0,0,0,0,0,0,0,1215,-,-,39,-,-,-,-,-
2018031020+0900,-,-,-,1672,0,376,0,1929,0,642,17,0,637,72,0,0,0,0,0,0,0,0,0,0,0,0,0,0,0,0,0,0,0,0,0,0,0,0,0,0,0,0,0,0,1672,-,-,64,-,-,-,-,-
2018031021+0900,-,-,-,1270,0,375,0,1276,0,646,23,0,578,70,0,0,0,0,0,0,0,0,0,0,0,0,0,0,0,0,0,0,0,0,0,0,0,0,0,0,0,0,0,0,1270,-,-,18,-,-,-,-,-
2018031022+0900,-,-,-,549,0,80,0,0,0,113,13,0,99,6,0,0,0,0,0,0,0,0,0,0,0,0,0,0,0,0,0,0,0,0,0,0,0,0,0,0,0,0,0,0,549,-,-,22,-,-,-,-,-
2018031023+0900,-,-,-,616,0,0,0,0,0,0,10,0,0,0,0,0,0,0,0,0,0,0,0,0,0,0,0,0,0,0,0,0,0,0,0,0,0,0,0,0,0,0,0,0,616,-,-,0,-,-,-,-,-
2018031100+0900,-,-,-,596,0,0,0,730,0,0,20,0,0,0,0,0,0,0,0,0,0,0,0,0,0,0,0,0,0,0,0,0,0,0,0,0,0,0,0,0,0,0,0,0,596,-,-,0,-,-,-,-,-
2018031101+0900,-,-,-,519,0,0,0,1123,0,0,10,0,0,0,0,0,0,0,0,0,0,0,0,0,0,0,0,0,0,0,0,0,0,0,0,0,0,0,0,0,0,0,0,0,519,-,-,0,-,-,-,-,-
2018031102+0900,-,-,-,490,0,0,0,1529,0,0,11,0,0,0,0,0,0,0,0,0,0,0,0,0,0,0,0,0,0,0,0,0,0,0,0,0,0,0,0,0,0,0,0,0,490,-,-,0,-,-,-,-,-
2018031103+0900,-,-,-,396,0,0,0,1590,0,0,12,0,0,0,0,0,0,0,0,0,0,0,0,0,0,0,0,0,0,0,0,0,0,0,0,0,0,0,0,0,0,0,0,0,396,-,-,0,-,-,-,-,-
2018031104+0900,-,-,-,483,0,0,0,200,0,0,10,0,0,0,0,0,0,0,0,0,0,0,0,0,0,0,0,0,0,0,0,0,0,0,0,0,0,0,0,0,0,0,0,0,483,-,-,0,-,-,-,-,-
2018031105+0900,-,-,-,463,0,0,0,0,0,0,3,0,0,0,0,0,0,0,0,0,0,0,0,0,0,0,0,0,0,0,0,0,0,0,0,0,0,0,0,0,0,0,0,0,463,-,-,0,-,-,-,-,-
2018031106+0900,-,-,-,512,0,0,0,0,0,0,6,0,0,0,0,0,0,0,0,0,0,0,0,0,0,0,0,0,0,0,0,0,0,0,0,0,0,0,0,0,0,0,0,0,512,-,-,0,-,-,-,-,-
2018031107+0900,-,-,-,505,0,0,0,0,0,0,3,0,0,0,0,0,0,0,0,0,0,0,0,0,0,0,0,0,0,0,0,0,0,0,0,0,0,0,0,0,0,0,0,0,505,-,-,0,-,-,-,-,-
2018031108+0900,-,-,-,563,0,0,0,0,0,0,21,0,0,0,0,0,0,0,0,0,0,0,0,0,0,0,0,0,0,0,0,0,0,0,0,0,0,0,0,0,0,0,0,0,563,-,-,0,-,-,-,-,-
2018031109+0900,-,-,-,423,0,0,0,0,0,0,14,0,0,0,0,0,0,0,0,0,0,0,0,0,0,0,0,0,0,0,0,0,0,0,0,0,0,0,0,0,0,0,0,0,423,-,-,0,-,-,-,-,-
2018031110+0900,-,-,-,355,0,0,0,0,0,0,16,0,0,0,0,0,0,0,0,0,0,0,0,0,0,0,0,0,0,0,0,0,0,0,0,0,0,0,0,0,0,0,0,0,355,-,-,0,-,-,-,-,-
2018031111+0900,-,-,-,543,0,0,0,0,0,0,24,0,0,0,0,0,0,0,0,0,0,0,0,0,0,0,0,0,0,0,0,0,0,0,0,0,0,0,0,0,0,0,0,0,543,-,-,0,-,-,-,-,-
2018031112+0900,-,-,-,500,0,0,0,0,0,0,25,0,0,0,0,0,0,0,0,0,0,0,0,0,0,0,0,0,0,0,0,0,0,0,0,0,0,0,0,0,0,0,0,0,500,-,-,0,-,-,-,-,-
2018031113+0900,-,-,-,486,0,0,0,0,0,0,25,0,0,0,0,0,0,0,0,0,0,0,0,0,0,0,0,0,0,0,0,0,0,0,0,0,0,0,0,0,0,0,0,0,486,-,-,0,-,-,-,-,-
2018031114+0900,-,-,-,572,0,0,0,0,0,0,25,0,0,0,0,0,0,0,0,0,0,0,0,0,0,0,0,0,0,0,0,0,0,0,0,0,0,0,0,0,0,0,0,0,572,-,-,0,-,-,-,-,-
2018031115+0900,-,-,-,411,0,0,0,0,0,0,24,0,0,0,0,0,0,0,0,0,0,0,0,0,0,0,0,0,0,0,0,0,0,0,0,0,0,0,0,0,0,0,0,0,411,-,-,0,-,-,-,-,-
2018031116+0900,-,-,-,544,0,0,0,0,0,0,22,0,0,0,0,0,0,0,0,0,0,0,0,0,0,0,0,0,0,0,0,0,0,0,0,0,0,0,0,0,0,0,0,0,544,-,-,0,-,-,-,-,-
2018031117+0900,-,-,-,522,0,0,0,0,0,0,22,0,0,0,0,0,0,0,0,0,0,0,0,0,0,0,0,0,0,0,0,0,0,0,0,0,0,0,0,0,0,0,0,0,522,-,-,0,-,-,-,-,-
2018031118+0900,-,-,-,538,0,0,0,0,0,0,14,0,0,0,0,0,0,0,0,0,0,0,0,0,0,0,0,0,0,0,0,0,0,0,0,0,0,0,0,0,0,0,0,0,538,-,-,0,-,-,-,-,-
2018031119+0900,-,-,-,502,0,0,0,0,0,0,21,0,0,0,0,0,0,0,0,0,0,0,0,0,0,0,0,0,0,0,0,0,0,0,0,0,0,0,0,0,0,0,0,0,502,-,-,0,-,-,-,-,-
2018031120+0900,-,-,-,441,0,0,0,0,0,0,17,0,0,0,0,0,0,0,0,0,0,0,0,0,0,0,0,0,0,0,0,0,0,0,0,0,0,0,0,0,0,0,0,0,441,-,-,0,-,-,-,-,-
2018031121+0900,-,-,-,453,0,0,0,0,0,0,13,0,0,0,0,0,0,0,0,0,0,0,0,0,0,0,0,0,0,0,0,0,0,0,0,0,0,0,0,0,0,0,0,0,453,-,-,0,-,-,-,-,-
2018031122+0900,-,-,-,390,0,0,0,0,0,0,17,0,0,0,0,0,0,0,0,0,0,0,0,0,0,0,0,0,0,0,0,0,0,0,0,0,0,0,0,0,0,0,0,0,390,-,-,0,-,-,-,-,-
2018031123+0900,-,-,-,545,0,0,0,0,0,0,10,0,0,0,0,0,0,0,0,0,0,0,0,0,0,0,0,0,0,0,0,0,0,0,0,0,0,0,0,0,0,0,0,0,545,-,-,0,-,-,-,-,-
2018031200+0900,-,-,-,471,0,0,0,0,0,0,16,0,0,0,0,0,0,0,0,0,0,0,0,0,0,0,0,0,0,0,0,0,0,0,0,0,0,0,0,0,0,0,0,0,471,-,-,0,-,-,-,-,-
2018031201+0900,-,-,-,493,0,0,0,317,0,0,10,0,0,0,0,0,0,0,0,0,0,0,0,0,0,0,0,0,0,0,0,0,0,0,0,0,0,0,0,0,0,0,0,0,493,-,-,0,-,-,-,-,-
2018031202+0900,-,-,-,471,0,0,0,0,0,0,10,0,0,0,0,0,0,0,0,0,0,0,0,0,0,0,0,0,0,0,0,0,0,0,0,0,0,0,0,0,0,0,0,0,471,-,-,0,-,-,-,-,-
2018031203+0900,-,-,-,382,0,0,0,0,0,0,19,0,0,0,0,0,0,0,0,0,0,0,0,0,0,0,0,0,0,0,0,0,0,0,0,0,0,0,0,0,0,0,0,0,382,-,-,0,-,-,-,-,-
2018031204+0900,-,-,-,429,0,0,0,0,0,0,11,0,0,0,0,0,0,0,0,0,0,0,0,0,0,0,0,0,0,0,0,0,0,0,0,0,0,0,0,0,0,0,0,0,429,-,-,0,-,-,-,-,-
2018031205+0900,-,-,-,552,0,0,0,0,0,0,3,0,0,0,0,0,0,0,0,0,0,0,0,0,0,0,0,0,0,0,0,0,0,0,0,0,0,0,0,0,0,0,0,0,552,-,-,0,-,-,-,-,-
2018031206+0900,-,-,-,550,0,0,0,0,0,0,6,0,0,0,0,0,0,0,0,0,0,0,0,0,0,0,0,0,0,0,0,0,0,0,0,0,0,0,0,0,0,0,0,0,550,-,-,0,-,-,-,-,-
2018031207+0900,-,-,-,489,0,0,0,0,0,0,3,0,0,0,0,0,0,0,0,0,0,0,0,0,0,0,0,0,0,0,0,0,0,0,0,0,0,0,0,0,0,0,0,0,489,-,-,0,-,-,-,-,-
2018031208+0900,-,-,-,448,0,0,0,0,0,0,21,0,0,0,0,0,0,0,0,0,0,0,0,0,0,0,0,0,0,0,0,0,0,0,0,0,0,0,0,0,0,0,0,0,448,-,-,0,-,-,-,-,-
2018031209+0900,-,-,-,1778,0,0,0,0,0,0,13,0,427,0,0,0,0,0,0,0,0,0,0,0,0,0,0,0,0,0,0,0,0,0,0,0,0,0,0,0,0,0,0,0,1778,-,-,51,-,-,-,-,-
2018031210+0900,-,-,-,1925,0,0,0,0,0,0,25,0,643,0,0,0,0,0,0,0,0,0,0,0,0,0,0,0,0,0,0,0,0,0,0,0,0,0,0,0,0,0,0,0,1925,-,-,39,-,-,-,-,-
2018031211+0900,-,-,-,1616,0,182,0,0,0,0,29,0,640,295,0,0,0,0,0,0,0,0,0,0,0,0,0,0,0,0,0,0,0,0,0,0,0,0,0,0,0,0,0,0,1616,-,-,88,-,-,-,-,-
2018031212+0900,-,-,-,1287,0,186,0,0,0,0,31,0,640,295,0,0,0,0,0,0,0,0,0,0,0,0,0,0,0,0,0,0,0,0,0,0,0,0,0,0,0,0,0,0,1287,-,-,189,-,-,-,-,-
2018031213+0900,-,-,-,1640,0,184,0,0,0,0,38,0,640,295,0,0,0,0,0,0,0,0,0,0,0,0,0,0,0,0,0,0,0,0,0,0,0,0,0,0,0,0,0,0,1640,-,-,240,-,-,-,-,-
2018031214+0900,-,-,-,1141,0,183,0,876,0,0,32,0,563,294,0,0,0,0,0,0,0,0,0,0,0,0,0,0,0,0,0,0,0,0,0,0,0,0,0,0,0,0,0,0,1141,-,-,138,-,-,-,-,-
2018031215+0900,-,-,-,886,0,185,0,1023,0,0,25,0,408,294,0,0,0,0,0,0,0,0,0,0,0,0,0,0,0,0,0,0,0,0,0,0,0,0,0,0,0,0,0,0,886,-,-,126,-,-,-,-,-
2018031216+0900,-,-,-,922,0,189,0,1333,0,0,32,0,410,294,0,0,0,0,0,0,0,0,0,0,0,0,0,0,0,0,0,0,0,0,0,0,0,0,0,0,0,0,0,0,922,-,-,77,-,-,-,-,-
2018031217+0900,-,-,-,1598,0,209,0,1569,0,78,14,0,639,258,0,0,0,0,0,0,0,0,0,0,0,0,0,0,0,0,0,0,0,0,0,0,0,0,0,0,0,0,0,0,1598,-,-,16,-,-,-,-,-
2018031218+0900,-,-,-,1368,0,432,0,1673,0,634,20,0,640,0,0,0,0,0,0,0,0,0,0,0,0,0,0,0,0,0,0,0,0,0,0,0,0,0,0,0,0,0,0,0,1368,-,-,9,-,-,-,-,-
2018031219+0900,-,-,-,1313,0,431,0,1894,0,643,19,0,644,0,0,0,0,0,0,0,0,0,0,0,0,0,0,0,0,0,0,0,0,0,0,0,0,0,0,0,0,0,0,0,1313,-,-,37,-,-,-,-,-
2018031220+0900,-,-,-,1126,0,430,0,538,0,631,20,0,602,0,0,0,0,0,0,0,0,0,0,0,0,0,0,0,0,0,0,0,0,0,0,0,0,0,0,0,0,0,0,0,1126,-,-,60,-,-,-,-,-
2018031221+0900,-,-,-,785,0,425,0,0,0,615,20,0,412,0,0,0,0,0,0,0,0,0,0,0,0,0,0,0,0,0,0,0,0,0,0,0,0,0,0,0,0,0,0,0,785,-,-,55,-,-,-,-,-
2018031222+0900,-,-,-,768,0,66,0,0,0,0,26,0,199,0,0,0,0,0,0,0,0,0,0,0,0,0,0,0,0,0,0,0,0,0,0,0,0,0,0,0,0,0,0,0,768,-,-,65,-,-,-,-,-
2018031223+0900,-,-,-,713,0,0,0,0,0,0,17,0,0,0,0,0,0,0,0,0,0,0,0,0,0,0,0,0,0,0,0,0,0,0,0,0,0,0,0,0,0,0,0,0,713,-,-,0,-,-,-,-,-
2018031300+0900,-,-,-,603,0,0,0,701,0,0,9,0,0,0,0,0,0,0,0,0,0,0,0,0,0,0,0,0,0,0,0,0,0,0,0,0,0,0,0,0,0,0,0,0,603,-,-,0,-,-,-,-,-
2018031301+0900,-,-,-,481,0,0,0,1064,0,0,10,0,0,0,0,0,0,0,0,0,0,0,0,0,0,0,0,0,0,0,0,0,0,0,0,0,0,0,0,0,0,0,0,0,481,-,-,0,-,-,-,-,-
2018031302+0900,-,-,-,525,0,0,0,1060,0,0,12,0,0,0,0,0,0,0,0,0,0,0,0,0,0,0,0,0,0,0,0,0,0,0,0,0,0,0,0,0,0,0,0,0,525,-,-,0,-,-,-,-,-
2018031303+0900,-,-,-,502,0,0,0,1063,0,0,11,0,0,0,0,0,0,0,0,0,0,0,0,0,0,0,0,0,0,0,0,0,0,0,0,0,0,0,0,0,0,0,0,0,502,-,-,0,-,-,-,-,-
2018031304+0900,-,-,-,464,0,0,0,1048,0,0,3,0,0,0,0,0,0,0,0,0,0,0,0,0,0,0,0,0,0,0,0,0,0,0,0,0,0,0,0,0,0,0,0,0,464,-,-,0,-,-,-,-,-
2018031305+0900,-,-,-,582,0,0,0,785,0,0,7,0,0,0,0,0,0,0,0,0,0,0,0,0,0,0,0,0,0,0,0,0,0,0,0,0,0,0,0,0,0,0,0,0,582,-,-,0,-,-,-,-,-
2018031306+0900,-,-,-,585,0,0,0,0,0,0,4,0,0,0,0,0,0,0,0,0,0,0,0,0,0,0,0,0,0,0,0,0,0,0,0,0,0,0,0,0,0,0,0,0,585,-,-,0,-,-,-,-,-
2018031307+0900,-,-,-,515,0,0,0,0,0,0,6,0,0,0,0,0,0,0,0,0,0,0,0,0,0,0,0,0,0,0,0,0,0,0,0,0,0,0,0,0,0,0,0,0,515,-,-,0,-,-,-,-,-
2018031308+0900,-,-,-,662,0,0,0,0,0,0,13,0,0,0,0,0,0,0,0,0,0,0,0,0,0,0,0,0,0,0,0,0,0,0,0,0,0,0,0,0,0,0,0,0,662,-,-,2,-,-,-,-,-
2018031309+0900,-,-,-,2514,0,0,0,0,0,0,24,0,397,0,0,0,0,0,0,0,0,0,0,0,0,0,0,0,0,0,0,0,0,0,0,0,0,0,0,0,0,0,0,0,2514,-,-,31,-,-,-,-,-
2018031310+0900,-,-,-,1614,0,86,0,0,0,0,20,0,627,149,0,0,0,0,0,0,0,0,0,0,0,0,0,0,0,0,0,0,0,0,0,0,0,0,0,0,0,0,0,0,1614,-,-,20,-,-,-,-,-
2018031311+0900,-,-,-,1376,0,174,0,0,0,0,30,0,647,295,0,0,0,0,0,0,0,0,0,0,0,0,0,0,0,0,0,0,0,0,0,0,0,0,0,0,0,0,0,0,1376,-,-,33,-,-,-,-,-
2018031312+0900,-,-,-,1373,0,171,0,0,0,0,40,0,633,294,0,0,0,0,0,0,0,0,0,0,0,0,0,0,0,0,0,0,0,0,0,0,0,0,0,0,0,0,0,0,1373,-,-,127,-,-,-,-,-
2018031313+0900,-,-,-,1387,0,175,0,0,0,0,34,0,641,293,0,0,0,0,0,0,0,0,0,0,0,0,0,0,0,0,0,0,0,0,0,0,0,0,0,0,0,0,0,0,1387,-,-,105,-,-,-,-,-
2018031314+0900,-,-,-,969,0,176,0,0,0,0,42,0,645,294,0,0,0,0,0,0,0,0,0,0,0,0,0,0,0,0,0,0,0,0,0,0,0,0,0,0,0,0,0,0,969,-,-,177,-,-,-,-,-
2018031315+0900,-,-,-,829,0,173,0,0,0,0,28,0,452,293,0,0,0,0,0,0,0,0,0,0,0,0,0,0,0,0,0,0,0,0,0,0,0,0,0,0,0,0,0,0,829,-,-,96,-,-,-,-,-
2018031316+0900,-,-,-,1093,0,174,0,0,0,0,23,0,410,293,0,0,0,0,0,0,0,0,0,0,0,0,0,0,0,0,0,0,0,0,0,0,0,0,0,0,0,0,0,0,1093,-,-,9,-,-,-,-,-
2018031317+0900,-,-,-,1068,0,170,0,1484,0,0,28,0,406,294,0,0,0,0,0,0,0,0,0,0,0,0,0,0,0,0,0,0,0,0,0,0,0,0,0,0,0,0,0,0,1068,-,-,9,-,-,-,-,-
2018031318+0900,-,-,-,1225,0,354,0,1574,0,761,23,0,606,66,0,0,0,0,0,0,0,0,0,0,0,0,0,0,0,0,0,0,0,0,0,0,0,0,0,0,0,0,0,0,1225,-,-,44,-,-,-,-,-
2018031319+0900,-,-,-,1695,0,377,0,1587,0,867,23,0,638,37,0,0,0,0,0,0,0,0,0,0,0,0,0,0,0,0,0,0,0,0,0,0,0,0,0,0,0,0,0,0,1695,-,-,78,-,-,-,-,-
2018031320+0900,-,-,-,1085,0,375,0,263,0,871,27,0,642,36,0,0,0,0,0,0,0,0,0,0,0,0,0,0,0,0,0,0,0,0,0,0,0,0,0,0,0,0,0,0,1085,-,-,74,-,-,-,-,-
2018031321+0900,-,-,-,1107,0,373,0,0,0,877,27,0,645,36,0,0,0,0,0,0,0,0,0,0,0,0,0,0,0,0,0,0,0,0,0,0,0,0,0,0,0,0,0,0,1107,-,-,115,-,-,-,-,-
2018031322+0900,-,-,-,1205,0,373,0,0,0,875,30,0,348,37,0,0,0,0,0,0,0,0,0,0,0,0,0,0,0,0,0,0,0,0,0,0,0,0,0,0,0,0,0,0,1205,-,-,41,-,-,-,-,-
2018031323+0900,-,-,-,706,0,20,0,0,0,44,15,0,4,1,0,0,0,0,0,0,0,0,0,0,0,0,0,0,0,0,0,0,0,0,0,0,0,0,0,0,0,0,0,0,706,-,-,1,-,-,-,-,-
2018031400+0900,-,-,-,631,0,0,0,0,0,0,15,0,0,0,0,0,0,0,0,0,0,0,0,0,0,0,0,0,0,0,0,0,0,0,0,0,0,0,0,0,0,0,0,0,631,-,-,0,-,-,-,-,-
2018031401+0900,-,-,-,468,0,0,0,984,0,0,17,0,0,0,0,0,0,0,0,0,0,0,0,0,0,0,0,0,0,0,0,0,0,0,0,0,0,0,0,0,0,0,0,0,468,-,-,0,-,-,-,-,-
2018031402+0900,-,-,-,515,0,0,0,1073,0,0,14,0,0,0,0,0,0,0,0,0,0,0,0,0,0,0,0,0,0,0,0,0,0,0,0,0,0,0,0,0,0,0,0,0,515,-,-,0,-,-,-,-,-
2018031403+0900,-,-,-,418,0,0,0,1076,0,0,16,0,0,0,0,0,0,0,0,0,0,0,0,0,0,0,0,0,0,0,0,0,0,0,0,0,0,0,0,0,0,0,0,0,418,-,-,0,-,-,-,-,-
2018031404+0900,-,-,-,544,0,0,0,1059,0,0,10,0,0,0,0,0,0,0,0,0,0,0,0,0,0,0,0,0,0,0,0,0,0,0,0,0,0,0,0,0,0,0,0,0,544,-,-,0,-,-,-,-,-
2018031405+0900,-,-,-,772,0,0,0,1226,0,0,15,0,0,0,0,0,0,0,0,0,0,0,0,0,0,0,0,0,0,0,0,0,0,0,0,0,0,0,0,0,0,0,0,0,772,-,-,0,-,-,-,-,-
2018031406+0900,-,-,-,519,0,0,0,0,0,0,15,0,0,0,0,0,0,0,0,0,0,0,0,0,0,0,0,0,0,0,0,0,0,0,0,0,0,0,0,0,0,0,0,0,519,-,-,0,-,-,-,-,-
2018031407+0900,-,-,-,528,0,0,0,0,0,0,10,0,0,0,0,0,0,0,0,0,0,0,0,0,0,0,0,0,0,0,0,0,0,0,0,0,0,0,0,0,0,0,0,0,528,-,-,0,-,-,-,-,-
2018031408+0900,-,-,-,431,0,0,0,0,0,0,15,0,0,0,0,0,0,0,0,0,0,0,0,0,0,0,0,0,0,0,0,0,0,0,0,0,0,0,0,0,0,0,0,0,431,-,-,0,-,-,-,-,-
2018031409+0900,-,-,-,2041,0,0,0,0,0,0,24,0,449,0,0,0,0,0,0,0,0,0,0,0,0,0,0,0,0,0,0,0,0,0,0,0,0,0,0,0,0,0,0,0,2041,-,-,35,-,-,-,-,-
2018031410+0900,-,-,-,1631,0,103,0,0,0,19,17,0,644,203,0,0,0,0,0,0,0,0,0,0,0,0,0,0,0,0,0,0,0,0,0,0,0,0,0,0,0,0,0,0,1631,-,-,37,-,-,-,-,-
2018031411+0900,-,-,-,1621,0,150,0,0,0,0,42,0,638,284,0,0,0,0,0,0,0,0,0,0,0,0,0,0,0,0,0,0,0,0,0,0,0,0,0,0,0,0,0,0,1621,-,-,54,-,-,-,-,-
2018031412+0900,-,-,-,1380,0,148,0,0,0,0,36,0,634,283,0,0,0,0,0,0,0,0,0,0,0,0,0,0,0,0,0,0,0,0,0,0,0,0,0,0,0,0,0,0,1380,-,-,158,-,-,-,-,-
2018031413+0900,-,-,-,1611,0,152,0,0,0,0,45,0,639,283,0,0,0,0,0,0,0,0,0,0,0,0,0,0,0,0,0,0,0,0,0,0,0,0,0,0,0,0,0,0,1611,-,-,138,-,-,-,-,-
2018031414+0900,-,-,-,1295,0,152,0,0,0,0,36,0,647,283,0,0,0,0,0,0,0,0,0,0,0,0,0,0,0,0,0,0,0,0,0,0,0,0,0,0,0,0,0,0,1295,-,-,127,-,-,-,-,-
2018031415+0900,-,-,-,1059,0,151,0,0,0,0,37,0,648,283,0,0,0,0,0,0,0,0,0,0,0,0,0,0,0,0,0,0,0,0,0,0,0,0,0,0,0,0,0,0,1059,-,-,80,-,-,-,-,-
2018031416+0900,-,-,-,1056,0,156,0,0,0,0,29,0,651,284,0,0,0,0,0,0,0,0,0,0,0,0,0,0,0,0,0,0,0,0,0,0,0,0,0,0,0,0,0,0,1056,-,-,19,-,-,-,-,-
2018031417+0900,-,-,-,974,0,153,0,1491,0,0,23,0,622,283,0,0,0,0,0,0,0,0,0,0,0,0,0,0,0,0,0,0,0,0,0,0,0,0,0,0,0,0,0,0,974,-,-,7,-,-,-,-,-
2018031418+0900,-,-,-,1355,0,188,0,1569,0,122,23,0,452,240,0,0,0,0,0,0,0,0,0,0,0,0,0,0,0,0,0,0,0,0,0,0,0,0,0,0,0,0,0,0,1355,-,-,24,-,-,-,-,-
2018031419+0900,-,-,-,1594,0,367,0,1585,0,797,23,0,634,0,0,0,0,0,0,0,0,0,0,0,0,0,0,0,0,0,0,0,0,0,0,0,0,0,0,0,0,0,0,0,1594,-,-,36,-,-,-,-,-
2018031420+0900,-,-,-,1291,0,277,0,251,0,544,28,0,635,0,0,0,0,0,0,0,0,0,0,0,0,0,0,0,0,0,0,0,0,0,0,0,0,0,0,0,0,0,0,0,1291,-,-,52,-,-,-,-,-
2018031421+0900,-,-,-,1144,0,90,0,0,0,0,25,0,641,0,0,0,0,0,0,0,0,0,0,0,0,0,0,0,0,0,0,0,0,0,0,0,0,0,0,0,0,0,0,0,1144,-,-,67,-,-,-,-,-
2018031422+0900,-,-,-,1296,0,88,0,0,0,0,27,0,245,0,0,0,0,0,0,0,0,0,0,0,0,0,0,0,0,0,0,0,0,0,0,0,0,0,0,0,0,0,0,0,1296,-,-,31,-,-,-,-,-
2018031423+0900,-,-,-,736,0,2,0,0,0,0,14,0,0,0,0,0,0,0,0,0,0,0,0,0,0,0,0,0,0,0,0,0,0,0,0,0,0,0,0,0,0,0,0,0,736,-,-,0,-,-,-,-,-
2018031500+0900,-,-,-,680,0,0,0,0,0,0,18,0,0,0,0,0,0,0,0,0,0,0,0,0,0,0,0,0,0,0,0,0,0,0,0,0,0,0,0,0,0,0,0,0,680,-,-,0,-,-,-,-,-
2018031501+0900,-,-,-,711,0,0,0,418,0,0,20,0,0,0,0,0,0,0,0,0,0,0,0,0,0,0,0,0,0,0,0,0,0,0,0,0,0,0,0,0,0,0,0,0,711,-,-,0,-,-,-,-,-
2018031502+0900,-,-,-,640,0,0,0,1094,0,0,20,0,0,0,0,0,0,0,0,0,0,0,0,0,0,0,0,0,0,0,0,0,0,0,0,0,0,0,0,0,0,0,0,0,640,-,-,0,-,-,-,-,-
2018031503+0900,-,-,-,596,0,0,0,1075,0,0,15,0,0,0,0,0,0,0,0,0,0,0,0,0,0,0,0,0,0,0,0,0,0,0,0,0,0,0,0,0,0,0,0,0,596,-,-,0,-,-,-,-,-
2018031504+0900,-,-,-,590,0,0,0,1288,0,0,16,0,0,0,0,0,0,0,0,0,0,0,0,0,0,0,0,0,0,0,0,0,0,0,0,0,0,0,0,0,0,0,0,0,590,-,-,0,-,-,-,-,-
2018031505+0900,-,-,-,591,0,0,0,260,0,0,16,0,0,0,0,0,0,0,0,0,0,0,0,0,0,0,0,0,0,0,0,0,0,0,0,0,0,0,0,0,0,0,0,0,591,-,-,0,-,-,-,-,-
2018031506+0900,-,-,-,476,0,0,0,0,0,0,10,0,0,0,0,0,0,0,0,0,0,0,0,0,0,0,0,0,0,0,0,0,0,0,0,0,0,0,0,0,0,0,0,0,476,-,-,0,-,-,-,-,-
2018031507+0900,-,-,-,532,0,0,0,0,0,0,19,0,0,0,0,0,0,0,0,0,0,0,0,0,0,0,0,0,0,0,0,0,0,0,0,0,0,0,0,0,0,0,0,0,532,-,-,0,-,-,-,-,-
2018031508+0900,-,-,-,611,0,0,0,0,0,0,15,0,82,0,0,0,0,0,0,0,0,0,0,0,0,0,0,0,0,0,0,0,0,0,0,0,0,0,0,0,0,0,0,0,611,-,-,27,-,-,-,-,-
2018031509+0900,-,-,-,2578,0,82,0,0,0,0,22,0,632,179,0,0,0,0,0,0,0,0,0,0,0,0,0,0,0,0,0,0,0,0,0,0,0,0,0,0,0,0,0,0,2578,-,-,9,-,-,-,-,-
2018031510+0900,-,-,-,1726,0,149,0,0,0,0,25,0,641,329,0,0,0,0,0,0,0,0,0,0,0,0,0,0,0,0,0,0,0,0,0,0,0,0,0,0,0,0,0,0,1726,-,-,37,-,-,-,-,-
2018031511+0900,-,-,-,1434,0,147,0,0,0,0,25,0,641,329,0,0,0,0,0,0,0,0,0,0,0,0,0,0,0,0,0,0,0,0,0,0,0,0,0,0,0,0,0,0,1434,-,-,75,-,-,-,-,-
2018031512+0900,-,-,-,1449,0,145,0,0,0,0,33,0,608,327,0,0,0,0,0,0,0,0,0,0,0,0,0,0,0,0,0,0,0,0,0,0,0,0,0,0,0,0,0,0,1449,-,-,38,-,-,-,-,-
2018031513+0900,-,-,-,1398,0,147,0,0,0,0,28,0,578,327,0,0,0,0,0,0,0,0,0,0,0,0,0,0,0,0,0,0,0,0,0,0,0,0,0,0,0,0,0,0,1398,-,-,67,-,-,-,-,-
2018031514+0900,-,-,-,1215,0,148,0,0,0,0,34,0,430,328,0,0,0,0,0,0,0,0,0,0,0,0,0,0,0,0,0,0,0,0,0,0,0,0,0,0,0,0,0,0,1215,-,-,156,-,-,-,-,-
2018031515+0900,-,-,-,847,0,147,0,0,0,0,26,0,407,328,0,0,0,0,0,0,0,0,0,0,0,0,0,0,0,0,0,0,0,0,0,0,0,0,0,0,0,0,0,0,847,-,-,15,-,-,-,-,-
2018031516+0900,-,-,-,888,0,147,0,0,0,0,22,0,396,328,0,0,0,0,0,0,0,0,0,0,0,0,0,0,0,0,0,0,0,0,0,0,0,0,0,0,0,0,0,0,888,-,-,0,-,-,-,-,-
2018031517+0900,-,-,-,987,0,159,0,1524,0,59,22,0,50,307,0,0,0,0,0,0,0,0,0,0,0,0,0,0,0,0,0,0,0,0,0,0,0,0,0,0,0,0,0,0,987,-,-,6,-,-,-,-,-
2018031518+0900,-,-,-,1278,0,307,0,1401,0,767,25,0,596,52,0,0,0,0,0,0,0,0,0,0,0,0,0,0,0,0,0,0,0,0,0,0,0,0,0,0,0,0,0,0,1278,-,-,49,-,-,-,-,-
2018031519+0900,-,-,-,1279,0,306,0,0,0,778,24,0,624,51,0,0,0,0,0,0,0,0,0,0,0,0,0,0,0,0,0,0,0,0,0,0,0,0,0,0,0,0,0,0,1279,-,-,45,-,-,-,-,-
2018031520+0900,-,-,-,1422,0,152,0,1046,0,225,32,0,628,16,0,0,0,0,0,0,0,0,0,0,0,0,0,0,0,0,0,0,0,0,0,0,0,0,0,0,0,0,0,0,1422,-,-,72,-,-,-,-,-
2018031521+0900,-,-,-,1447,0,84,0,212,0,0,29,0,338,0,0,0,0,0,0,0,0,0,0,0,0,0,0,0,0,0,0,0,0,0,0,0,0,0,0,0,0,0,0,0,1447,-,-,96,-,-,-,-,-
2018031522+0900,-,-,-,998,0,0,0,0,0,0,18,0,0,0,0,0,0,0,0,0,0,0,0,0,0,0,0,0,0,0,0,0,0,0,0,0,0,0,0,0,0,0,0,0,998,-,-,0,-,-,-,-,-
2018031523+0900,-,-,-,636,0,0,0,683,0,0,17,0,0,0,0,0,0,0,0,0,0,0,0,0,0,0,0,0,0,0,0,0,0,0,0,0,0,0,0,0,0,0,0,0,636,-,-,0,-,-,-,-,-
2018031600+0900,-,-,-,592,0,0,0,293,0,0,25,0,0,0,0,0,0,0,0,0,0,0,0,0,0,0,0,0,0,0,0,0,0,0,0,0,0,0,0,0,0,0,0,0,592,-,-,0,-,-,-,-,-
2018031601+0900,-,-,-,555,0,0,0,0,0,0,17,0,0,0,0,0,0,0,0,0,0,0,0,0,0,0,0,0,0,0,0,0,0,0,0,0,0,0,0,0,0,0,0,0,555,-,-,0,-,-,-,-,-
2018031602+0900,-,-,-,467,0,0,0,0,0,0,24,0,0,0,0,0,0,0,0,0,0,0,0,0,0,0,0,0,0,0,0,0,0,0,0,0,0,0,0,0,0,0,0,0,467,-,-,0,-,-,-,-,-
2018031603+0900,-,-,-,519,0,0,0,286,0,0,22,0,0,0,0,0,0,0,0,0,0,0,0,0,0,0,0,0,0,0,0,0,0,0,0,0,0,0,0,0,0,0,0,0,519,-,-,0,-,-,-,-,-
2018031604+0900,-,-,-,656,0,0,0,1066,0,0,17,0,0,0,0,0,0,0,0,0,0,0,0,0,0,0,0,0,0,0,0,0,0,0,0,0,0,0,0,0,0,0,0,0,656,-,-,0,-,-,-,-,-
2018031605+0900,-,-,-,568,0,0,0,485,0,0,17,0,0,0,0,0,0,0,0,0,0,0,0,0,0,0,0,0,0,0,0,0,0,0,0,0,0,0,0,0,0,0,0,0,568,-,-,0,-,-,-,-,-
2018031606+0900,-,-,-,530,0,0,0,0,0,0,23,0,0,0,0,0,0,0,0,0,0,0,0,0,0,0,0,0,0,0,0,0,0,0,0,0,0,0,0,0,0,0,0,0,530,-,-,0,-,-,-,-,-
2018031607+0900,-,-,-,467,0,0,0,0,0,0,15,0,0,0,0,0,0,0,0,0,0,0,0,0,0,0,0,0,0,0,0,0,0,0,0,0,0,0,0,0,0,0,0,0,467,-,-,0,-,-,-,-,-
2018031608+0900,-,-,-,544,0,0,0,0,0,0,16,0,0,0,0,0,0,0,0,0,0,0,0,0,0,0,0,0,0,0,0,0,0,0,0,0,0,0,0,0,0,0,0,0,544,-,-,0,-,-,-,-,-
2018031609+0900,-,-,-,1812,0,91,0,0,0,0,21,0,436,186,0,0,0,0,0,0,0,0,0,0,0,0,0,0,0,0,0,0,0,0,0,0,0,0,0,0,0,0,0,0,1812,-,-,32,-,-,-,-,-
2018031610+0900,-,-,-,2012,0,159,0,0,0,0,28,0,649,314,0,0,0,0,0,0,0,0,0,0,0,0,0,0,0,0,0,0,0,0,0,0,0,0,0,0,0,0,0,0,2012,-,-,59,-,-,-,-,-
2018031611+0900,-,-,-,1779,0,158,0,0,0,0,23,0,585,313,0,0,0,0,0,0,0,0,0,0,0,0,0,0,0,0,0,0,0,0,0,0,0,0,0,0,0,0,0,0,1779,-,-,62,-,-,-,-,-
2018031612+0900,-,-,-,1179,0,156,0,0,0,0,25,0,405,314,0,0,0,0,0,0,0,0,0,0,0,0,0,0,0,0,0,0,0,0,0,0,0,0,0,0,0,0,0,0,1179,-,-,69,-,-,-,-,-
2018031613+0900,-,-,-,1241,0,157,0,0,0,0,21,0,404,315,0,0,0,0,0,0,0,0,0,0,0,0,0,0,0,0,0,0,0,0,0,0,0,0,0,0,0,0,0,0,1241,-,-,69,-,-,-,-,-
2018031614+0900,-,-,-,990,0,155,0,0,0,0,28,0,589,314,0,0,0,0,0,0,0,0,0,0,0,0,0,0,0,0,0,0,0,0,0,0,0,0,0,0,0,0,0,0,990,-,-,94,-,-,-,-,-
2018031615+0900,-,-,-,1067,0,154,0,0,0,0,24,0,646,314,0,0,0,0,0,0,0,0,0,0,0,0,0,0,0,0,0,0,0,0,0,0,0,0,0,0,0,0,0,0,1067,-,-,65,-,-,-,-,-
2018031616+0900,-,-,-,1036,0,156,0,0,0,0,18,0,525,313,0,0,0,0,0,0,0,0,0,0,0,0,0,0,0,0,0,0,0,0,0,0,0,0,0,0,0,0,0,0,1036,-,-,0,-,-,-,-,-
2018031617+0900,-,-,-,1097,0,159,0,1676,0,2,16,0,579,314,0,0,0,0,0,0,0,0,0,0,0,0,0,0,0,0,0,0,0,0,0,0,0,0,0,0,0,0,0,0,1097,-,-,10,-,-,-,-,-
2018031618+0900,-,-,-,1483,0,370,0,1821,0,625,21,0,634,348,0,0,0,0,0,0,0,0,0,0,0,0,0,0,0,0,0,0,0,0,0,0,0,0,0,0,0,0,0,0,1483,-,-,23,-,-,-,-,-
2018031619+0900,-,-,-,1721,0,369,0,1804,0,624,24,0,633,347,0,0,0,0,0,0,0,0,0,0,0,0,0,0,0,0,0,0,0,0,0,0,0,0,0,0,0,0,0,0,1721,-,-,172,-,-,-,-,-
2018031620+0900,-,-,-,1559,0,371,0,321,0,630,32,0,642,347,0,0,0,0,0,0,0,0,0,0,0,0,0,0,0,0,0,0,0,0,0,0,0,0,0,0,0,0,0,0,1559,-,-,187,-,-,-,-,-
2018031621+0900,-,-,-,1184,0,279,0,0,0,368,38,0,650,375,0,0,0,0,0,0,0,0,0,0,0,0,0,0,0,0,0,0,0,0,0,0,0,0,0,0,0,0,0,0,1184,-,-,204,-,-,-,-,-
2018031622+0900,-,-,-,1119,0,62,0,1446,0,0,20,0,448,158,0,0,0,0,0,0,0,0,0,0,0,0,0,0,0,0,0,0,0,0,0,0,0,0,0,0,0,0,0,0,1119,-,-,86,-,-,-,-,-
2018031623+0900,-,-,-,568,0,8,0,218,0,0,17,0,3,0,0,0,0,0,0,0,0,0,0,0,0,0,0,0,0,0,0,0,0,0,0,0,0,0,0,0,0,0,0,0,568,-,-,3,-,-,-,-,-
2018031700+0900,-,-,-,562,0,0,0,1341,0,0,10,0,0,0,0,0,0,0,0,0,0,0,0,0,0,0,0,0,0,0,0,0,0,0,0,0,0,0,0,0,0,0,0,0,562,-,-,0,-,-,-,-,-
2018031701+0900,-,-,-,546,0,0,0,1356,0,0,16,0,0,0,0,0,0,0,0,0,0,0,0,0,0,0,0,0,0,0,0,0,0,0,0,0,0,0,0,0,0,0,0,0,546,-,-,0,-,-,-,-,-
2018031702+0900,-,-,-,491,0,0,0,1356,0,0,20,0,0,0,0,0,0,0,0,0,0,0,0,0,0,0,0,0,0,0,0,0,0,0,0,0,0,0,0,0,0,0,0,0,491,-,-,0,-,-,-,-,-
2018031703+0900,-,-,-,648,0,0,0,1457,0,0,3,0,0,0,0,0,0,0,0,0,0,0,0,0,0,0,0,0,0,0,0,0,0,0,0,0,0,0,0,0,0,0,0,0,648,-,-,0,-,-,-,-,-
2018031704+0900,-,-,-,521,0,0,0,1905,0,0,7,0,0,0,0,0,0,0,0,0,0,0,0,0,0,0,0,0,0,0,0,0,0,0,0,0,0,0,0,0,0,0,0,0,521,-,-,0,-,-,-,-,-
2018031705+0900,-,-,-,523,0,0,0,1153,0,0,4,0,0,0,0,0,0,0,0,0,0,0,0,0,0,0,0,0,0,0,0,0,0,0,0,0,0,0,0,0,0,0,0,0,523,-,-,0,-,-,-,-,-
2018031706+0900,-,-,-,516,0,0,0,0,0,0,7,0,0,0,0,0,0,0,0,0,0,0,0,0,0,0,0,0,0,0,0,0,0,0,0,0,0,0,0,0,0,0,0,0,516,-,-,0,-,-,-,-,-
2018031707+0900,-,-,-,491,0,0,0,0,0,0,7,0,0,0,0,0,0,0,0,0,0,0,0,0,0,0,0,0,0,0,0,0,0,0,0,0,0,0,0,0,0,0,0,0,491,-,-,0,-,-,-,-,-
2018031708+0900,-,-,-,486,0,0,0,0,0,0,13,0,0,0,0,0,0,0,0,0,0,0,0,0,0,0,0,0,0,0,0,0,0,0,0,0,0,0,0,0,0,0,0,0,486,-,-,0,-,-,-,-,-
2018031709+0900,-,-,-,1143,0,72,0,0,0,0,22,0,261,64,0,0,0,0,0,0,0,0,0,0,0,0,0,0,0,0,0,0,0,0,0,0,0,0,0,0,0,0,0,0,1143,-,-,25,-,-,-,-,-
2018031710+0900,-,-,-,2392,0,146,0,0,0,0,16,0,409,125,0,0,0,0,0,0,0,0,0,0,0,0,0,0,0,0,0,0,0,0,0,0,0,0,0,0,0,0,0,0,2392,-,-,28,-,-,-,-,-
2018031711+0900,-,-,-,1353,0,147,0,0,0,0,42,0,647,123,0,0,0,0,0,0,0,0,0,0,0,0,0,0,0,0,0,0,0,0,0,0,0,0,0,0,0,0,0,0,1353,-,-,12,-,-,-,-,-
2018031712+0900,-,-,-,1327,0,132,0,0,0,0,29,0,554,121,0,0,0,0,0,0,0,0,0,0,0,0,0,0,0,0,0,0,0,0,0,0,0,0,0,0,0,0,0,0,1327,-,-,154,-,-,-,-,-
2018031713+0900,-,-,-,1490,0,131,0,0,0,0,36,0,573,127,0,0,0,0,0,0,0,0,0,0,0,0,0,0,0,0,0,0,0,0,0,0,0,0,0,0,0,0,0,0,1490,-,-,142,-,-,-,-,-
2018031714+0900,-,-,-,868,0,132,0,0,0,0,33,0,494,158,0,0,0,0,0,0,0,0,0,0,0,0,0,0,0,0,0,0,0,0,0,0,0,0,0,0,0,0,0,0,868,-,-,102,-,-,-,-,-
2018031715+0900,-,-,-,799,0,131,0,0,0,0,43,0,494,158,0,0,0,0,0,0,0,0,0,0,0,0,0,0,0,0,0,0,0,0,0,0,0,0,0,0,0,0,0,0,799,-,-,269,-,-,-,-,-
2018031716+0900,-,-,-,824,0,127,0,1324,0,0,29,0,492,158,0,0,0,0,0,0,0,0,0,0,0,0,0,0,0,0,0,0,0,0,0,0,0,0,0,0,0,0,0,0,824,-,-,213,-,-,-,-,-
2018031717+0900,-,-,-,861,0,254,0,1600,0,16,22,0,343,188,0,0,0,0,0,0,0,0,0,0,0,0,0,0,0,0,0,0,0,0,0,0,0,0,0,0,0,0,0,0,861,-,-,2,-,-,-,-,-
2018031718+0900,-,-,-,857,0,285,0,1600,0,460,22,0,272,121,0,0,0,0,0,0,0,0,0,0,0,0,0,0,0,0,0,0,0,0,0,0,0,0,0,0,0,0,0,0,857,-,-,15,-,-,-,-,-
2018031719+0900,-,-,-,1447,0,357,0,1502,0,495,23,0,644,73,0,0,0,0,0,0,0,0,0,0,0,0,0,0,0,0,0,0,0,0,0,0,0,0,0,0,0,0,0,0,1447,-,-,47,-,-,-,-,-
2018031720+0900,-,-,-,1225,0,356,0,910,0,500,18,0,645,74,0,0,0,0,0,0,0,0,0,0,0,0,0,0,0,0,0,0,0,0,0,0,0,0,0,0,0,0,0,0,1225,-,-,69,-,-,-,-,-
2018031721+0900,-,-,-,1140,0,362,0,0,0,512,31,0,395,73,0,0,0,0,0,0,0,0,0,0,0,0,0,0,0,0,0,0,0,0,0,0,0,0,0,0,0,0,0,0,1140,-,-,97,-,-,-,-,-
2018031722+0900,-,-,-,1323,0,366,0,0,0,510,25,0,187,74,0,0,0,0,0,0,0,0,0,0,0,0,0,0,0,0,0,0,0,0,0,0,0,0,0,0,0,0,0,0,1323,-,-,59,-,-,-,-,-
2018031723+0900,-,-,-,997,0,315,0,0,0,416,20,0,19,68,0,0,0,0,0,0,0,0,0,0,0,0,0,0,0,0,0,0,0,0,0,0,0,0,0,0,0,0,0,0,997,-,-,39,-,-,-,-,-
2018031800+0900,-,-,-,513,0,0,0,1071,0,0,20,0,0,1,0,0,0,0,0,0,0,0,0,0,0,0,0,0,0,0,0,0,0,0,0,0,0,0,0,0,0,0,0,0,513,-,-,0,-,-,-,-,-
2018031801+0900,-,-,-,502,0,0,0,1089,0,0,14,0,0,0,0,0,0,0,0,0,0,0,0,0,0,0,0,0,0,0,0,0,0,0,0,0,0,0,0,0,0,0,0,0,502,-,-,0,-,-,-,-,-
2018031802+0900,-,-,-,402,0,0,0,1087,0,0,16,0,0,0,0,0,0,0,0,0,0,0,0,0,0,0,0,0,0,0,0,0,0,0,0,0,0,0,0,0,0,0,0,0,402,-,-,0,-,-,-,-,-
2018031803+0900,-,-,-,474,0,0,0,1083,0,0,22,0,0,0,0,0,0,0,0,0,0,0,0,0,0,0,0,0,0,0,0,0,0,0,0,0,0,0,0,0,0,0,0,0,474,-,-,0,-,-,-,-,-
2018031804+0900,-,-,-,478,0,0,0,1058,0,0,12,0,0,0,0,0,0,0,0,0,0,0,0,0,0,0,0,0,0,0,0,0,0,0,0,0,0,0,0,0,0,0,0,0,478,-,-,0,-,-,-,-,-
2018031805+0900,-,-,-,479,0,0,0,1029,0,0,11,0,0,0,0,0,0,0,0,0,0,0,0,0,0,0,0,0,0,0,0,0,0,0,0,0,0,0,0,0,0,0,0,0,479,-,-,0,-,-,-,-,-
2018031806+0900,-,-,-,441,0,0,0,748,0,0,6,0,0,0,0,0,0,0,0,0,0,0,0,0,0,0,0,0,0,0,0,0,0,0,0,0,0,0,0,0,0,0,0,0,441,-,-,0,-,-,-,-,-
2018031807+0900,-,-,-,596,0,0,0,0,0,0,11,0,0,0,0,0,0,0,0,0,0,0,0,0,0,0,0,0,0,0,0,0,0,0,0,0,0,0,0,0,0,0,0,0,596,-,-,0,-,-,-,-,-
2018031808+0900,-,-,-,356,0,0,0,0,0,0,18,0,0,0,0,0,0,0,0,0,0,0,0,0,0,0,0,0,0,0,0,0,0,0,0,0,0,0,0,0,0,0,0,0,356,-,-,0,-,-,-,-,-
2018031809+0900,-,-,-,442,0,0,0,0,0,0,18,0,0,0,0,0,0,0,0,0,0,0,0,0,0,0,0,0,0,0,0,0,0,0,0,0,0,0,0,0,0,0,0,0,442,-,-,0,-,-,-,-,-
2018031810+0900,-,-,-,520,0,0,0,0,0,0,16,0,0,0,0,0,0,0,0,0,0,0,0,0,0,0,0,0,0,0,0,0,0,0,0,0,0,0,0,0,0,0,0,0,520,-,-,0,-,-,-,-,-
2018031811+0900,-,-,-,432,0,0,0,0,0,0,15,0,0,0,0,0,0,0,0,0,0,0,0,0,0,0,0,0,0,0,0,0,0,0,0,0,0,0,0,0,0,0,0,0,432,-,-,0,-,-,-,-,-
2018031812+0900,-,-,-,479,0,0,0,0,0,0,14,0,0,0,0,0,0,0,0,0,0,0,0,0,0,0,0,0,0,0,0,0,0,0,0,0,0,0,0,0,0,0,0,0,479,-,-,0,-,-,-,-,-
2018031813+0900,-,-,-,431,0,0,0,0,0,0,18,0,0,0,0,0,0,0,0,0,0,0,0,0,0,0,0,0,0,0,0,0,0,0,0,0,0,0,0,0,0,0,0,0,431,-,-,0,-,-,-,-,-
2018031814+0900,-,-,-,457,0,0,0,0,0,0,23,0,0,0,0,0,0,0,0,0,0,0,0,0,0,0,0,0,0,0,0,0,0,0,0,0,0,0,0,0,0,0,0,0,457,-,-,0,-,-,-,-,-
2018031815+0900,-,-,-,376,0,0,0,0,0,0,15,0,0,0,0,0,0,0,0,0,0,0,0,0,0,0,0,0,0,0,0,0,0,0,0,0,0,0,0,0,0,0,0,0,376,-,-,0,-,-,-,-,-
2018031816+0900,-,-,-,543,0,0,0,0,0,0,23,0,0,0,0,0,0,0,0,0,0,0,0,0,0,0,0,0,0,0,0,0,0,0,0,0,0,0,0,0,0,0,0,0,543,-,-,0,-,-,-,-,-
2018031817+0900,-,-,-,519,0,0,0,0,0,0,16,0,0,0,0,0,0,0,0,0,0,0,0,0,0,0,0,0,0,0,0,0,0,0,0,0,0,0,0,0,0,0,0,0,519,-,-,0,-,-,-,-,-
2018031818+0900,-,-,-,424,0,0,0,0,0,0,17,0,0,0,0,0,0,0,0,0,0,0,0,0,0,0,0,0,0,0,0,0,0,0,0,0,0,0,0,0,0,0,0,0,424,-,-,0,-,-,-,-,-
2018031819+0900,-,-,-,642,0,0,0,0,0,0,17,0,0,0,0,0,0,0,0,0,0,0,0,0,0,0,0,0,0,0,0,0,0,0,0,0,0,0,0,0,0,0,0,0,642,-,-,0,-,-,-,-,-
2018031820+0900,-,-,-,392,0,0,0,0,0,0,21,0,0,0,0,0,0,0,0,0,0,0,0,0,0,0,0,0,0,0,0,0,0,0,0,0,0,0,0,0,0,0,0,0,392,-,-,0,-,-,-,-,-
2018031821+0900,-,-,-,464,0,0,0,0,0,0,21,0,0,0,0,0,0,0,0,0,0,0,0,0,0,0,0,0,0,0,0,0,0,0,0,0,0,0,0,0,0,0,0,0,464,-,-,0,-,-,-,-,-
2018031822+0900,-,-,-,495,0,0,0,0,0,0,18,0,0,0,0,0,0,0,0,0,0,0,0,0,0,0,0,0,0,0,0,0,0,0,0,0,0,0,0,0,0,0,0,0,495,-,-,0,-,-,-,-,-
2018031823+0900,-,-,-,502,0,0,0,0,0,0,18,0,0,0,0,0,0,0,0,0,0,0,0,0,0,0,0,0,0,0,0,0,0,0,0,0,0,0,0,0,0,0,0,0,502,-,-,0,-,-,-,-,-
2018031900+0900,-,-,-,423,0,0,0,0,0,0,18,0,0,0,0,0,0,0,0,0,0,0,0,0,0,0,0,0,0,0,0,0,0,0,0,0,0,0,0,0,0,0,0,0,423,-,-,0,-,-,-,-,-
2018031901+0900,-,-,-,601,0,0,0,0,0,0,16,0,0,0,0,0,0,0,0,0,0,0,0,0,0,0,0,0,0,0,0,0,0,0,0,0,0,0,0,0,0,0,0,0,601,-,-,0,-,-,-,-,-
2018031902+0900,-,-,-,467,0,0,0,0,0,0,11,0,0,0,0,0,0,0,0,0,0,0,0,0,0,0,0,0,0,0,0,0,0,0,0,0,0,0,0,0,0,0,0,0,467,-,-,0,-,-,-,-,-
2018031903+0900,-,-,-,374,0,0,0,201,0,0,17,0,0,0,0,0,0,0,0,0,0,0,0,0,0,0,0,0,0,0,0,0,0,0,0,0,0,0,0,0,0,0,0,0,374,-,-,0,-,-,-,-,-
2018031904+0900,-,-,-,537,0,0,0,1093,0,0,20,0,0,0,0,0,0,0,0,0,0,0,0,0,0,0,0,0,0,0,0,0,0,0,0,0,0,0,0,0,0,0,0,0,537,-,-,0,-,-,-,-,-
2018031905+0900,-,-,-,457,0,0,0,0,0,0,17,0,0,0,0,0,0,0,0,0,0,0,0,0,0,0,0,0,0,0,0,0,0,0,0,0,0,0,0,0,0,0,0,0,457,-,-,0,-,-,-,-,-
2018031906+0900,-,-,-,467,0,0,0,0,0,0,17,0,0,0,0,0,0,0,0,0,0,0,0,0,0,0,0,0,0,0,0,0,0,0,0,0,0,0,0,0,0,0,0,0,467,-,-,0,-,-,-,-,-
2018031907+0900,-,-,-,460,0,0,0,0,0,0,11,0,0,0,0,0,0,0,0,0,0,0,0,0,0,0,0,0,0,0,0,0,0,0,0,0,0,0,0,0,0,0,0,0,460,-,-,0,-,-,-,-,-
2018031908+0900,-,-,-,449,0,0,0,0,0,0,20,0,0,0,0,0,0,0,0,0,0,0,0,0,0,0,0,0,0,0,0,0,0,0,0,0,0,0,0,0,0,0,0,0,449,-,-,0,-,-,-,-,-
2018031909+0900,-,-,-,1723,0,2,0,0,0,0,27,0,451,0,0,0,0,0,0,0,0,0,0,0,0,0,0,0,0,0,0,0,0,0,0,0,0,0,0,0,0,0,0,0,1723,-,-,29,-,-,-,-,-
2018031910+0900,-,-,-,2109,0,161,0,0,0,0,27,0,563,0,0,0,0,0,0,0,0,0,0,0,0,0,0,0,0,0,0,0,0,0,0,0,0,0,0,0,0,0,0,0,2109,-,-,79,-,-,-,-,-
2018031911+0900,-,-,-,1637,0,168,0,0,0,0,28,0,617,71,0,0,0,0,0,0,0,0,0,0,0,0,0,0,0,0,0,0,0,0,0,0,0,0,0,0,0,0,0,0,1637,-,-,70,-,-,-,-,-
2018031912+0900,-,-,-,1212,0,163,0,0,0,0,34,0,562,82,0,0,0,0,0,0,0,0,0,0,0,0,0,0,0,0,0,0,0,0,0,0,0,0,0,0,0,0,0,0,1212,-,-,146,-,-,-,-,-
2018031913+0900,-,-,-,1342,0,155,0,0,0,0,31,0,591,82,0,0,0,0,0,0,0,0,0,0,0,0,0,0,0,0,0,0,0,0,0,0,0,0,0,0,0,0,0,0,1342,-,-,202,-,-,-,-,-
2018031914+0900,-,-,-,1210,0,156,0,0,0,0,28,0,511,82,0,0,0,0,0,0,0,0,0,0,0,0,0,0,0,0,0,0,0,0,0,0,0,0,0,0,0,0,0,0,1210,-,-,102,-,-,-,-,-
2018031915+0900,-,-,-,1263,0,163,0,59,0,0,25,0,616,81,0,0,0,0,0,0,0,0,0,0,0,0,0,0,0,0,0,0,0,0,0,0,0,0,0,0,0,0,0,0,1263,-,-,106,-,-,-,-,-
2018031916+0900,-,-,-,1060,0,168,0,937,0,0,34,0,615,81,0,0,0,0,0,0,0,0,0,0,0,0,0,0,0,0,0,0,0,0,0,0,0,0,0,0,0,0,0,0,1060,-,-,81,-,-,-,-,-
2018031917+0900,-,-,-,857,0,146,0,1570,0,0,24,0,356,56,0,0,0,0,0,0,0,0,0,0,0,0,0,0,0,0,0,0,0,0,0,0,0,0,0,0,0,0,0,0,857,-,-,34,-,-,-,-,-
2018031918+0900,-,-,-,569,0,52,0,1653,0,0,24,0,0,0,0,0,0,0,0,0,0,0,0,0,0,0,0,0,0,0,0,0,0,0,0,0,0,0,0,0,0,0,0,0,569,-,-,0,-,-,-,-,-
2018031919+0900,-,-,-,546,0,39,0,957,0,0,17,0,1,0,0,0,0,0,0,0,0,0,0,0,0,0,0,0,0,0,0,0,0,0,0,0,0,0,0,0,0,0,0,0,546,-,-,0,-,-,-,-,-
2018031920+0900,-,-,-,536,0,0,0,0,0,0,15,0,0,0,0,0,0,0,0,0,0,0,0,0,0,0,0,0,0,0,0,0,0,0,0,0,0,0,0,0,0,0,0,0,536,-,-,0,-,-,-,-,-
2018031921+0900,-,-,-,593,0,0,0,0,0,0,21,0,0,0,0,0,0,0,0,0,0,0,0,0,0,0,0,0,0,0,0,0,0,0,0,0,0,0,0,0,0,0,0,0,593,-,-,0,-,-,-,-,-
2018031922+0900,-,-,-,741,0,0,0,0,0,0,21,0,0,0,0,0,0,0,0,0,0,0,0,0,0,0,0,0,0,0,0,0,0,0,0,0,0,0,0,0,0,0,0,0,741,-,-,0,-,-,-,-,-
2018031923+0900,-,-,-,503,0,0,0,0,0,0,19,0,0,0,0,0,0,0,0,0,0,0,0,0,0,0,0,0,0,0,0,0,0,0,0,0,0,0,0,0,0,0,0,0,503,-,-,0,-,-,-,-,-
2018032000+0900,-,-,-,524,0,0,0,0,0,0,17,0,0,0,0,0,0,0,0,0,0,0,0,0,0,0,0,0,0,0,0,0,0,0,0,0,0,0,0,0,0,0,0,0,524,-,-,0,-,-,-,-,-
2018032001+0900,-,-,-,504,0,0,0,155,0,0,17,0,0,0,0,0,0,0,0,0,0,0,0,0,0,0,0,0,0,0,0,0,0,0,0,0,0,0,0,0,0,0,0,0,504,-,-,0,-,-,-,-,-
2018032002+0900,-,-,-,612,0,0,0,1104,0,0,10,0,0,0,0,0,0,0,0,0,0,0,0,0,0,0,0,0,0,0,0,0,0,0,0,0,0,0,0,0,0,0,0,0,612,-,-,0,-,-,-,-,-
2018032003+0900,-,-,-,503,0,0,0,1085,0,0,21,0,0,0,0,0,0,0,0,0,0,0,0,0,0,0,0,0,0,0,0,0,0,0,0,0,0,0,0,0,0,0,0,0,503,-,-,0,-,-,-,-,-
2018032004+0900,-,-,-,512,0,0,0,1141,0,0,20,0,0,0,0,0,0,0,0,0,0,0,0,0,0,0,0,0,0,0,0,0,0,0,0,0,0,0,0,0,0,0,0,0,512,-,-,0,-,-,-,-,-
2018032005+0900,-,-,-,555,0,0,0,425,0,0,11,0,0,0,0,0,0,0,0,0,0,0,0,0,0,0,0,0,0,0,0,0,0,0,0,0,0,0,0,0,0,0,0,0,555,-,-,0,-,-,-,-,-
2018032006+0900,-,-,-,451,0,0,0,0,0,0,10,0,0,0,0,0,0,0,0,0,0,0,0,0,0,0,0,0,0,0,0,0,0,0,0,0,0,0,0,0,0,0,0,0,451,-,-,0,-,-,-,-,-
2018032007+0900,-,-,-,547,0,0,0,0,0,0,21,0,0,0,0,0,0,0,0,0,0,0,0,0,0,0,0,0,0,0,0,0,0,0,0,0,0,0,0,0,0,0,0,0,547,-,-,0,-,-,-,-,-
2018032008+0900,-,-,-,456,0,0,0,0,0,0,11,0,0,0,0,0,0,0,0,0,0,0,0,0,0,0,0,0,0,0,0,0,0,0,0,0,0,0,0,0,0,0,0,0,456,-,-,0,-,-,-,-,-
2018032009+0900,-,-,-,2814,0,41,0,0,0,0,17,0,333,98,0,0,0,0,0,0,0,0,0,0,0,0,0,0,0,0,0,0,0,0,0,0,0,0,0,0,0,0,0,0,2814,-,-,33,-,-,-,-,-
2018032010+0900,-,-,-,1596,0,122,0,0,0,0,24,0,549,281,0,0,0,0,0,0,0,0,0,0,0,0,0,0,0,0,0,0,0,0,0,0,0,0,0,0,0,0,0,0,1596,-,-,87,-,-,-,-,-
2018032011+0900,-,-,-,1432,0,122,0,0,0,0,17,0,616,278,0,0,0,0,0,0,0,0,0,0,0,0,0,0,0,0,0,0,0,0,0,0,0,0,0,0,0,0,0,0,1432,-,-,47,-,-,-,-,-
2018032012+0900,-,-,-,1735,0,126,0,0,0,0,32,0,573,278,0,0,0,0,0,0,0,0,0,0,0,0,0,0,0,0,0,0,0,0,0,0,0,0,0,0,0,0,0,0,1735,-,-,183,-,-,-,-,-
2018032013+0900,-,-,-,1486,0,130,0,0,0,0,29,0,483,278,0,0,0,0,0,0,0,0,0,0,0,0,0,0,0,0,0,0,0,0,0,0,0,0,0,0,0,0,0,0,1486,-,-,194,-,-,-,-,-
2018032014+0900,-,-,-,1209,0,134,0,0,0,0,25,0,490,279,0,0,0,0,0,0,0,0,0,0,0,0,0,0,0,0,0,0,0,0,0,0,0,0,0,0,0,0,0,0,1209,-,-,178,-,-,-,-,-
2018032015+0900,-,-,-,796,0,132,0,0,0,0,18,0,274,280,0,0,0,0,0,0,0,0,0,0,0,0,0,0,0,0,0,0,0,0,0,0,0,0,0,0,0,0,0,0,796,-,-,11,-,-,-,-,-
2018032016+0900,-,-,-,1169,0,135,0,0,0,0,24,0,136,280,0,0,0,0,0,0,0,0,0,0,0,0,0,0,0,0,0,0,0,0,0,0,0,0,0,0,0,0,0,0,1169,-,-,4,-,-,-,-,-
2018032017+0900,-,-,-,1109,0,128,0,1683,0,0,12,0,210,281,0,0,0,0,0,0,0,0,0,0,0,0,0,0,0,0,0,0,0,0,0,0,0,0,0,0,0,0,0,0,1109,-,-,8,-,-,-,-,-
2018032018+0900,-,-,-,1419,0,383,0,1807,0,601,28,0,208,311,0,0,0,0,0,0,0,0,0,0,0,0,0,0,0,0,0,0,0,0,0,0,0,0,0,0,0,0,0,0,1419,-,-,107,-,-,-,-,-
2018032019+0900,-,-,-,1547,0,397,0,1806,0,649,13,0,166,311,0,0,0,0,0,0,0,0,0,0,0,0,0,0,0,0,0,0,0,0,0,0,0,0,0,0,0,0,0,0,1547,-,-,100,-,-,-,-,-
2018032020+0900,-,-,-,1207,0,399,0,320,0,659,27,0,283,315,0,0,0,0,0,0,0,0,0,0,0,0,0,0,0,0,0,0,0,0,0,0,0,0,0,0,0,0,0,0,1207,-,-,77,-,-,-,-,-
2018032021+0900,-,-,-,1189,0,231,0,929,0,281,28,0,611,373,0,0,0,0,0,0,0,0,0,0,0,0,0,0,0,0,0,0,0,0,0,0,0,0,0,0,0,0,0,0,1189,-,-,181,-,-,-,-,-
2018032022+0900,-,-,-,1242,0,107,0,1806,0,0,27,0,406,319,0,0,0,0,0,0,0,0,0,0,0,0,0,0,0,0,0,0,0,0,0,0,0,0,0,0,0,0,0,0,1242,-,-,176,-,-,-,-,-
2018032023+0900,-,-,-,904,0,12,0,830,0,0,17,0,0,0,0,0,0,0,0,0,0,0,0,0,0,0,0,0,0,0,0,0,0,0,0,0,0,0,0,0,0,0,0,0,904,-,-,0,-,-,-,-,-
2018032100+0900,-,-,-,527,0,0,0,1066,0,0,12,0,0,0,0,0,0,0,0,0,0,0,0,0,0,0,0,0,0,0,0,0,0,0,0,0,0,0,0,0,0,0,0,0,527,-,-,0,-,-,-,-,-
2018032101+0900,-,-,-,575,0,0,0,1063,0,0,11,0,0,0,0,0,0,0,0,0,0,0,0,0,0,0,0,0,0,0,0,0,0,0,0,0,0,0,0,0,0,0,0,0,575,-,-,0,-,-,-,-,-
2018032102+0900,-,-,-,410,0,0,0,1062,0,0,14,0,0,0,0,0,0,0,0,0,0,0,0,0,0,0,0,0,0,0,0,0,0,0,0,0,0,0,0,0,0,0,0,0,410,-,-,0,-,-,-,-,-
2018032103+0900,-,-,-,527,0,0,0,1059,0,0,14,0,0,0,0,0,0,0,0,0,0,0,0,0,0,0,0,0,0,0,0,0,0,0,0,0,0,0,0,0,0,0,0,0,527,-,-,0,-,-,-,-,-
2018032104+0900,-,-,-,575,0,0,0,1062,0,0,3,0,0,0,0,0,0,0,0,0,0,0,0,0,0,0,0,0,0,0,0,0,0,0,0,0,0,0,0,0,0,0,0,0,575,-,-,0,-,-,-,-,-
2018032105+0900,-,-,-,479,0,0,0,1049,0,0,7,0,0,0,0,0,0,0,0,0,0,0,0,0,0,0,0,0,0,0,0,0,0,0,0,0,0,0,0,0,0,0,0,0,479,-,-,0,-,-,-,-,-
2018032106+0900,-,-,-,485,0,0,0,701,0,0,7,0,0,0,0,0,0,0,0,0,0,0,0,0,0,0,0,0,0,0,0,0,0,0,0,0,0,0,0,0,0,0,0,0,485,-,-,0,-,-,-,-,-
2018032107+0900,-,-,-,467,0,0,0,0,0,0,4,0,0,0,0,0,0,0,0,0,0,0,0,0,0,0,0,0,0,0,0,0,0,0,0,0,0,0,0,0,0,0,0,0,467,-,-,0,-,-,-,-,-
2018032108+0900,-,-,-,466,0,0,0,0,0,0,7,0,0,0,0,0,0,0,0,0,0,0,0,0,0,0,0,0,0,0,0,0,0,0,0,0,0,0,0,0,0,0,0,0,466,-,-,0,-,-,-,-,-
2018032109+0900,-,-,-,1675,0,75,0,0,0,0,14,0,212,213,0,0,0,0,0,0,0,0,0,0,0,0,0,0,0,0,0,0,0,0,0,0,0,0,0,0,0,0,0,0,1675,-,-,39,-,-,-,-,-
2018032110+0900,-,-,-,2489,0,158,0,0,0,0,23,0,488,415,0,0,0,0,0,0,0,0,0,0,0,0,0,0,0,0,0,0,0,0,0,0,0,0,0,0,0,0,0,0,2489,-,-,46,-,-,-,-,-
2018032111+0900,-,-,-,1452,0,150,0,0,0,0,25,0,529,411,0,0,0,0,0,0,0,0,0,0,0,0,0,0,0,0,0,0,0,0,0,0,0,0,0,0,0,0,0,0,1452,-,-,71,-,-,-,-,-
2018032112+0900,-,-,-,1237,0,149,0,0,0,0,21,0,610,434,0,0,0,0,0,0,0,0,0,0,0,0,0,0,0,0,0,0,0,0,0,0,0,0,0,0,0,0,0,0,1237,-,-,163,-,-,-,-,-
2018032113+0900,-,-,-,1240,0,150,0,0,0,0,32,0,489,435,0,0,0,0,0,0,0,0,0,0,0,0,0,0,0,0,0,0,0,0,0,0,0,0,0,0,0,0,0,0,1240,-,-,247,-,-,-,-,-
2018032114+0900,-,-,-,1058,0,154,0,0,0,0,29,0,493,436,0,0,0,0,0,0,0,0,0,0,0,0,0,0,0,0,0,0,0,0,0,0,0,0,0,0,0,0,0,0,1058,-,-,168,-,-,-,-,-
2018032115+0900,-,-,-,1228,0,154,0,666,0,0,21,0,493,435,0,0,0,0,0,0,0,0,0,0,0,0,0,0,0,0,0,0,0,0,0,0,0,0,0,0,0,0,0,0,1228,-,-,140,-,-,-,-,-
2018032116+0900,-,-,-,806,0,160,0,733,0,0,21,0,484,407,0,0,0,0,0,0,0,0,0,0,0,0,0,0,0,0,0,0,0,0,0,0,0,0,0,0,0,0,0,0,806,-,-,51,-,-,-,-,-
2018032117+0900,-,-,-,953,0,285,0,1766,0,361,10,0,0,30,0,0,0,0,0,0,0,0,0,0,0,0,0,0,0,0,0,0,0,0,0,0,0,0,0,0,0,0,0,0,953,-,-,13,-,-,-,-,-
2018032118+0900,-,-,-,1427,0,360,0,1165,0,627,20,0,332,60,0,0,0,0,0,0,0,0,0,0,0,0,0,0,0,0,0,0,0,0,0,0,0,0,0,0,0,0,0,0,1427,-,-,48,-,-,-,-,-
2018032119+0900,-,-,-,1396,0,362,0,1794,0,631,23,0,530,59,0,0,0,0,0,0,0,0,0,0,0,0,0,0,0,0,0,0,0,0,0,0,0,0,0,0,0,0,0,0,1396,-,-,25,-,-,-,-,-
2018032120+0900,-,-,-,1173,0,361,0,49,0,629,14,0,530,59,0,0,0,0,0,0,0,0,0,0,0,0,0,0,0,0,0,0,0,0,0,0,0,0,0,0,0,0,0,0,1173,-,-,40,-,-,-,-,-
2018032121+0900,-,-,-,1348,0,365,0,0,0,639,20,0,465,60,0,0,0,0,0,0,0,0,0,0,0,0,0,0,0,0,0,0,0,0,0,0,0,0,0,0,0,0,0,0,1348,-,-,46,-,-,-,-,-
2018032122+0900,-,-,-,1094,0,148,0,0,0,121,20,0,256,239,0,0,0,0,0,0,0,0,0,0,0,0,0,0,0,0,0,0,0,0,0,0,0,0,0,0,0,0,0,0,1094,-,-,84,-,-,-,-,-
2018032123+0900,-,-,-,934,0,27,0,0,0,0,18,0,0,0,0,0,0,0,0,0,0,0,0,0,0,0,0,0,0,0,0,0,0,0,0,0,0,0,0,0,0,0,0,0,934,-,-,0,-,-,-,-,-
2018032200+0900,-,-,-,565,0,0,0,688,0,0,10,0,0,0,0,0,0,0,0,0,0,0,0,0,0,0,0,0,0,0,0,0,0,0,0,0,0,0,0,0,0,0,0,0,565,-,-,0,-,-,-,-,-
2018032201+0900,-,-,-,590,0,0,0,1370,0,0,19,0,0,0,0,0,0,0,0,0,0,0,0,0,0,0,0,0,0,0,0,0,0,0,0,0,0,0,0,0,0,0,0,0,590,-,-,0,-,-,-,-,-
2018032202+0900,-,-,-,582,0,0,0,1367,0,0,13,0,0,0,0,0,0,0,0,0,0,0,0,0,0,0,0,0,0,0,0,0,0,0,0,0,0,0,0,0,0,0,0,0,582,-,-,0,-,-,-,-,-
2018032203+0900,-,-,-,560,0,0,0,1371,0,0,11,0,0,0,0,0,0,0,0,0,0,0,0,0,0,0,0,0,0,0,0,0,0,0,0,0,0,0,0,0,0,0,0,0,560,-,-,0,-,-,-,-,-
2018032204+0900,-,-,-,631,0,0,0,1378,0,0,13,0,0,0,0,0,0,0,0,0,0,0,0,0,0,0,0,0,0,0,0,0,0,0,0,0,0,0,0,0,0,0,0,0,631,-,-,0,-,-,-,-,-
2018032205+0900,-,-,-,570,0,0,0,1454,0,0,10,0,0,0,0,0,0,0,0,0,0,0,0,0,0,0,0,0,0,0,0,0,0,0,0,0,0,0,0,0,0,0,0,0,570,-,-,0,-,-,-,-,-
2018032206+0900,-,-,-,434,0,0,0,0,0,0,14,0,0,0,0,0,0,0,0,0,0,0,0,0,0,0,0,0,0,0,0,0,0,0,0,0,0,0,0,0,0,0,0,0,434,-,-,0,-,-,-,-,-
2018032207+0900,-,-,-,561,0,0,0,0,0,0,5,0,0,0,0,0,0,0,0,0,0,0,0,0,0,0,0,0,0,0,0,0,0,0,0,0,0,0,0,0,0,0,0,0,561,-,-,0,-,-,-,-,-
2018032208+0900,-,-,-,448,0,0,0,0,0,0,13,0,4,0,0,0,0,0,0,0,0,0,0,0,0,0,0,0,0,0,0,0,0,0,0,0,0,0,0,0,0,0,0,0,448,-,-,0,-,-,-,-,-
2018032209+0900,-,-,-,2596,0,0,0,0,0,0,22,0,537,274,0,0,0,0,0,0,0,0,0,0,0,0,0,0,0,0,0,0,0,0,0,0,0,0,0,0,0,0,0,0,2596,-,-,32,-,-,-,-,-
2018032210+0900,-,-,-,1852,0,0,0,0,0,0,26,0,617,425,0,0,0,0,0,0,0,0,0,0,0,0,0,0,0,0,0,0,0,0,0,0,0,0,0,0,0,0,0,0,1852,-,-,47,-,-,-,-,-
2018032211+0900,-,-,-,1331,0,0,0,0,0,0,19,0,619,425,0,0,0,0,0,0,0,0,0,0,0,0,0,0,0,0,0,0,0,0,0,0,0,0,0,0,0,0,0,0,1331,-,-,39,-,-,-,-,-
2018032212+0900,-,-,-,1644,0,0,0,0,0,0,21,0,621,423,0,0,0,0,0,0,0,0,0,0,0,0,0,0,0,0,0,0,0,0,0,0,0,0,0,0,0,0,0,0,1644,-,-,72,-,-,-,-,-
2018032213+0900,-,-,-,1463,0,0,0,0,0,0,34,0,617,425,0,0,0,0,0,0,0,0,0,0,0,0,0,0,0,0,0,0,0,0,0,0,0,0,0,0,0,0,0,0,1463,-,-,160,-,-,-,-,-
2018032214+0900,-,-,-,1160,0,0,0,0,0,0,36,0,596,425,0,0,0,0,0,0,0,0,0,0,0,0,0,0,0,0,0,0,0,0,0,0,0,0,0,0,0,0,0,0,1160,-,-,271,-,-,-,-,-
2018032215+0900,-,-,-,981,0,0,0,591,0,0,31,0,410,425,0,0,0,0,0,0,0,0,0,0,0,0,0,0,0,0,0,0,0,0,0,0,0,0,0,0,0,0,0,0,981,-,-,244,-,-,-,-,-
2018032216+0900,-,-,-,935,0,1,0,860,0,0,22,0,410,417,0,0,0,0,0,0,0,0,0,0,0,0,0,0,0,0,0,0,0,0,0,0,0,0,0,0,0,0,0,0,935,-,-,38,-,-,-,-,-
2018032217+0900,-,-,-,898,0,109,0,1669,0,0,20,0,373,0,0,0,0,0,0,0,0,0,0,0,0,0,0,0,0,0,0,0,0,0,0,0,0,0,0,0,0,0,0,0,898,-,-,2,-,-,-,-,-
2018032218+0900,-,-,-,1307,0,327,0,896,0,517,23,0,421,42,0,0,0,0,0,0,0,0,0,0,0,0,0,0,0,0,0,0,0,0,0,0,0,0,0,0,0,0,0,0,1307,-,-,28,-,-,-,-,-
2018032219+0900,-,-,-,1590,0,371,0,595,0,657,18,0,557,52,0,0,0,0,0,0,0,0,0,0,0,0,0,0,0,0,0,0,0,0,0,0,0,0,0,0,0,0,0,0,1590,-,-,50,-,-,-,-,-
2018032220+0900,-,-,-,1226,0,374,0,1408,0,658,23,0,611,52,0,0,0,0,0,0,0,0,0,0,0,0,0,0,0,0,0,0,0,0,0,0,0,0,0,0,0,0,0,0,1226,-,-,83,-,-,-,-,-
2018032221+0900,-,-,-,1133,0,207,0,0,0,252,18,0,543,20,0,0,0,0,0,0,0,0,0,0,0,0,0,0,0,0,0,0,0,0,0,0,0,0,0,0,0,0,0,0,1133,-,-,45,-,-,-,-,-
2018032222+0900,-,-,-,1496,0,99,0,0,0,0,22,0,364,0,0,0,0,0,0,0,0,0,0,0,0,0,0,0,0,0,0,0,0,0,0,0,0,0,0,0,0,0,0,0,1496,-,-,63,-,-,-,-,-
2018032223+0900,-,-,-,702,0,1,0,0,0,0,17,0,0,0,0,0,0,0,0,0,0,0,0,0,0,0,0,0,0,0,0,0,0,0,0,0,0,0,0,0,0,0,0,0,702,-,-,0,-,-,-,-,-
2018032300+0900,-,-,-,474,0,0,0,2386,0,0,10,0,0,0,0,0,0,0,0,0,0,0,0,0,0,0,0,0,0,0,0,0,0,0,0,0,0,0,0,0,0,0,0,0,474,-,-,0,-,-,-,-,-
2018032301+0900,-,-,-,614,0,0,0,2574,0,0,17,0,0,0,0,0,0,0,0,0,0,0,0,0,0,0,0,0,0,0,0,0,0,0,0,0,0,0,0,0,0,0,0,0,614,-,-,0,-,-,-,-,-
2018032302+0900,-,-,-,523,0,0,0,2127,0,0,3,0,0,0,0,0,0,0,0,0,0,0,0,0,0,0,0,0,0,0,0,0,0,0,0,0,0,0,0,0,0,0,0,0,523,-,-,0,-,-,-,-,-
2018032303+0900,-,-,-,564,0,0,0,2184,0,0,10,0,0,0,0,0,0,0,0,0,0,0,0,0,0,0,0,0,0,0,0,0,0,0,0,0,0,0,0,0,0,0,0,0,564,-,-,0,-,-,-,-,-
2018032304+0900,-,-,-,505,0,0,0,1791,0,0,4,0,0,0,0,0,0,0,0,0,0,0,0,0,0,0,0,0,0,0,0,0,0,0,0,0,0,0,0,0,0,0,0,0,505,-,-,0,-,-,-,-,-
2018032305+0900,-,-,-,533,0,0,0,0,0,0,7,0,0,0,0,0,0,0,0,0,0,0,0,0,0,0,0,0,0,0,0,0,0,0,0,0,0,0,0,0,0,0,0,0,533,-,-,0,-,-,-,-,-
2018032306+0900,-,-,-,457,0,0,0,0,0,0,7,0,0,0,0,0,0,0,0,0,0,0,0,0,0,0,0,0,0,0,0,0,0,0,0,0,0,0,0,0,0,0,0,0,457,-,-,0,-,-,-,-,-
2018032307+0900,-,-,-,529,0,0,0,0,0,0,6,0,0,0,0,0,0,0,0,0,0,0,0,0,0,0,0,0,0,0,0,0,0,0,0,0,0,0,0,0,0,0,0,0,529,-,-,0,-,-,-,-,-
2018032308+0900,-,-,-,493,0,0,0,0,0,0,5,0,0,18,0,0,0,0,0,0,0,0,0,0,0,0,0,0,0,0,0,0,0,0,0,0,0,0,0,0,0,0,0,0,493,-,-,0,-,-,-,-,-
2018032309+0900,-,-,-,2842,0,0,0,0,0,0,29,0,155,423,0,0,0,0,0,0,0,0,0,0,0,0,0,0,0,0,0,0,0,0,0,0,0,0,0,0,0,0,0,0,2842,-,-,39,-,-,-,-,-
2018032310+0900,-,-,-,1510,0,0,0,0,0,0,15,0,499,344,0,0,0,0,0,0,0,0,0,0,0,0,0,0,0,0,0,0,0,0,0,0,0,0,0,0,0,0,0,0,1510,-,-,43,-,-,-,-,-
2018032311+0900,-,-,-,1620,0,0,0,0,0,0,35,0,623,343,0,0,0,0,0,0,0,0,0,0,0,0,0,0,0,0,0,0,0,0,0,0,0,0,0,0,0,0,0,0,1620,-,-,66,-,-,-,-,-
2018032312+0900,-,-,-,1500,0,0,0,0,0,0,29,0,621,344,0,0,0,0,0,0,0,0,0,0,0,0,0,0,0,0,0,0,0,0,0,0,0,0,0,0,0,0,0,0,1500,-,-,153,-,-,-,-,-
2018032313+0900,-,-,-,1802,0,0,0,0,0,0,43,0,563,343,0,0,0,0,0,0,0,0,0,0,0,0,0,0,0,0,0,0,0,0,0,0,0,0,0,0,0,0,0,0,1802,-,-,221,-,-,-,-,-
2018032314+0900,-,-,-,1288,0,0,0,0,0,0,36,0,489,343,0,0,0,0,0,0,0,0,0,0,0,0,0,0,0,0,0,0,0,0,0,0,0,0,0,0,0,0,0,0,1288,-,-,196,-,-,-,-,-
2018032315+0900,-,-,-,852,0,0,0,467,0,0,35,0,492,344,0,0,0,0,0,0,0,0,0,0,0,0,0,0,0,0,0,0,0,0,0,0,0,0,0,0,0,0,0,0,852,-,-,125,-,-,-,-,-
2018032316+0900,-,-,-,1120,0,0,0,1199,0,0,32,0,492,343,0,0,0,0,0,0,0,0,0,0,0,0,0,0,0,0,0,0,0,0,0,0,0,0,0,0,0,0,0,0,1120,-,-,110,-,-,-,-,-
2018032317+0900,-,-,-,1297,0,262,0,1601,0,426,22,0,575,104,0,0,0,0,0,0,0,0,0,0,0,0,0,0,0,0,0,0,0,0,0,0,0,0,0,0,0,0,0,0,1297,-,-,39,-,-,-,-,-
2018032318+0900,-,-,-,1637,0,371,0,1756,0,671,27,0,613,51,0,0,0,0,0,0,0,0,0,0,0,0,0,0,0,0,0,0,0,0,0,0,0,0,0,0,0,0,0,0,1637,-,-,68,-,-,-,-,-
2018032319+0900,-,-,-,1298,0,373,0,1808,0,672,26,0,614,52,0,0,0,0,0,0,0,0,0,0,0,0,0,0,0,0,0,0,0,0,0,0,0,0,0,0,0,0,0,0,1298,-,-,76,-,-,-,-,-
2018032320+0900,-,-,-,1306,0,374,0,50,0,681,17,0,620,52,0,0,0,0,0,0,0,0,0,0,0,0,0,0,0,0,0,0,0,0,0,0,0,0,0,0,0,0,0,0,1306,-,-,54,-,-,-,-,-
2018032321+0900,-,-,-,1303,0,373,0,0,0,684,33,0,593,52,0,0,0,0,0,0,0,0,0,0,0,0,0,0,0,0,0,0,0,0,0,0,0,0,0,0,0,0,0,0,1303,-,-,81,-,-,-,-,-
2018032322+0900,-,-,-,887,0,37,0,0,0,7,19,0,31,1,0,0,0,0,0,0,0,0,0,0,0,0,0,0,0,0,0,0,0,0,0,0,0,0,0,0,0,0,0,0,887,-,-,7,-,-,-,-,-
2018032323+0900,-,-,-,565,0,0,0,94,0,0,14,0,0,0,0,0,0,0,0,0,0,0,0,0,0,0,0,0,0,0,0,0,0,0,0,0,0,0,0,0,0,0,0,0,565,-,-,0,-,-,-,-,-
2018032400+0900,-,-,-,483,0,0,0,1034,0,0,19,0,0,0,0,0,0,0,0,0,0,0,0,0,0,0,0,0,0,0,0,0,0,0,0,0,0,0,0,0,0,0,0,0,483,-,-,0,-,-,-,-,-
2018032401+0900,-,-,-,630,0,0,0,1056,0,0,10,0,0,0,0,0,0,0,0,0,0,0,0,0,0,0,0,0,0,0,0,0,0,0,0,0,0,0,0,0,0,0,0,0,630,-,-,0,-,-,-,-,-
2018032402+0900,-,-,-,425,0,0,0,1051,0,0,10,0,0,0,0,0,0,0,0,0,0,0,0,0,0,0,0,0,0,0,0,0,0,0,0,0,0,0,0,0,0,0,0,0,425,-,-,0,-,-,-,-,-
2018032403+0900,-,-,-,569,0,0,0,1051,0,0,14,0,0,0,0,0,0,0,0,0,0,0,0,0,0,0,0,0,0,0,0,0,0,0,0,0,0,0,0,0,0,0,0,0,569,-,-,0,-,-,-,-,-
2018032404+0900,-,-,-,487,0,0,0,1051,0,0,3,0,0,0,0,0,0,0,0,0,0,0,0,0,0,0,0,0,0,0,0,0,0,0,0,0,0,0,0,0,0,0,0,0,487,-,-,0,-,-,-,-,-
2018032405+0900,-,-,-,506,0,0,0,1152,0,0,7,0,0,0,0,0,0,0,0,0,0,0,0,0,0,0,0,0,0,0,0,0,0,0,0,0,0,0,0,0,0,0,0,0,506,-,-,0,-,-,-,-,-
2018032406+0900,-,-,-,468,0,0,0,1245,0,0,7,0,0,0,0,0,0,0,0,0,0,0,0,0,0,0,0,0,0,0,0,0,0,0,0,0,0,0,0,0,0,0,0,0,468,-,-,0,-,-,-,-,-
2018032407+0900,-,-,-,488,0,0,0,0,0,0,4,0,0,0,0,0,0,0,0,0,0,0,0,0,0,0,0,0,0,0,0,0,0,0,0,0,0,0,0,0,0,0,0,0,488,-,-,0,-,-,-,-,-
2018032408+0900,-,-,-,497,0,0,0,0,0,0,17,0,20,0,0,0,0,0,0,0,0,0,0,0,0,0,0,0,0,0,0,0,0,0,0,0,0,0,0,0,0,0,0,0,497,-,-,14,-,-,-,-,-
2018032409+0900,-,-,-,1858,0,0,0,0,0,0,22,0,446,0,0,0,0,0,0,0,0,0,0,0,0,0,0,0,0,0,0,0,0,0,0,0,0,0,0,0,0,0,0,0,1858,-,-,21,-,-,-,-,-
2018032410+0900,-,-,-,1882,0,0,0,0,0,0,26,0,489,0,0,0,0,0,0,0,0,0,0,0,0,0,0,0,0,0,0,0,0,0,0,0,0,0,0,0,0,0,0,0,1882,-,-,29,-,-,-,-,-
2018032411+0900,-,-,-,1681,0,151,0,0,0,0,28,0,554,297,0,0,0,0,0,0,0,0,0,0,0,0,0,0,0,0,0,0,0,0,0,0,0,0,0,0,0,0,0,0,1681,-,-,39,-,-,-,-,-
2018032412+0900,-,-,-,1225,0,157,0,0,0,0,25,0,627,308,0,0,0,0,0,0,0,0,0,0,0,0,0,0,0,0,0,0,0,0,0,0,0,0,0,0,0,0,0,0,1225,-,-,43,-,-,-,-,-
2018032413+0900,-,-,-,983,0,158,0,0,0,0,36,0,580,307,0,0,0,0,0,0,0,0,0,0,0,0,0,0,0,0,0,0,0,0,0,0,0,0,0,0,0,0,0,0,983,-,-,248,-,-,-,-,-
2018032414+0900,-,-,-,1044,0,158,0,0,0,0,36,0,557,307,0,0,0,0,0,0,0,0,0,0,0,0,0,0,0,0,0,0,0,0,0,0,0,0,0,0,0,0,0,0,1044,-,-,160,-,-,-,-,-
2018032415+0900,-,-,-,1124,0,156,0,0,0,0,31,0,461,306,0,0,0,0,0,0,0,0,0,0,0,0,0,0,0,0,0,0,0,0,0,0,0,0,0,0,0,0,0,0,1124,-,-,43,-,-,-,-,-
2018032416+0900,-,-,-,1154,0,161,0,0,0,0,23,0,414,305,0,0,0,0,0,0,0,0,0,0,0,0,0,0,0,0,0,0,0,0,0,0,0,0,0,0,0,0,0,0,1154,-,-,0,-,-,-,-,-
2018032417+0900,-,-,-,1238,0,158,0,1455,0,0,22,0,412,307,0,0,0,0,0,0,0,0,0,0,0,0,0,0,0,0,0,0,0,0,0,0,0,0,0,0,0,0,0,0,1238,-,-,8,-,-,-,-,-
2018032418+0900,-,-,-,1307,0,179,0,1582,0,410,27,0,393,215,0,0,0,0,0,0,0,0,0,0,0,0,0,0,0,0,0,0,0,0,0,0,0,0,0,0,0,0,0,0,1307,-,-,36,-,-,-,-,-
2018032419+0900,-,-,-,1329,0,179,0,285,0,668,24,0,179,174,0,0,0,0,0,0,0,0,0,0,0,0,0,0,0,0,0,0,0,0,0,0,0,0,0,0,0,0,0,0,1329,-,-,42,-,-,-,-,-
2018032420+0900,-,-,-,1324,0,178,0,0,0,666,18,0,147,174,0,0,0,0,0,0,0,0,0,0,0,0,0,0,0,0,0,0,0,0,0,0,0,0,0,0,0,0,0,0,1324,-,-,69,-,-,-,-,-
2018032421+0900,-,-,-,1178,0,107,0,0,0,135,34,0,485,35,0,0,0,0,0,0,0,0,0,0,0,0,0,0,0,0,0,0,0,0,0,0,0,0,0,0,0,0,0,0,1178,-,-,71,-,-,-,-,-
2018032422+0900,-,-,-,1323,0,88,0,0,0,0,24,0,0,0,0,0,0,0,0,0,0,0,0,0,0,0,0,0,0,0,0,0,0,0,0,0,0,0,0,0,0,0,0,0,1323,-,-,25,-,-,-,-,-
2018032423+0900,-,-,-,534,0,4,0,98,0,0,16,0,0,0,0,0,0,0,0,0,0,0,0,0,0,0,0,0,0,0,0,0,0,0,0,0,0,0,0,0,0,0,0,0,534,-,-,2,-,-,-,-,-
2018032500+0900,-,-,-,516,0,0,0,1099,0,0,17,0,0,0,0,0,0,0,0,0,0,0,0,0,0,0,0,0,0,0,0,0,0,0,0,0,0,0,0,0,0,0,0,0,516,-,-,0,-,-,-,-,-
2018032501+0900,-,-,-,488,0,0,0,1098,0,0,17,0,0,0,0,0,0,0,0,0,0,0,0,0,0,0,0,0,0,0,0,0,0,0,0,0,0,0,0,0,0,0,0,0,488,-,-,0,-,-,-,-,-
2018032502+0900,-,-,-,399,0,0,0,1093,0,0,13,0,0,0,0,0,0,0,0,0,0,0,0,0,0,0,0,0,0,0,0,0,0,0,0,0,0,0,0,0,0,0,0,0,399,-,-,0,-,-,-,-,-
2018032503+0900,-,-,-,501,0,0,0,1083,0,0,10,0,0,0,0,0,0,0,0,0,0,0,0,0,0,0,0,0,0,0,0,0,0,0,0,0,0,0,0,0,0,0,0,0,501,-,-,0,-,-,-,-,-
2018032504+0900,-,-,-,511,0,0,0,1054,0,0,13,0,0,0,0,0,0,0,0,0,0,0,0,0,0,0,0,0,0,0,0,0,0,0,0,0,0,0,0,0,0,0,0,0,511,-,-,0,-,-,-,-,-
2018032505+0900,-,-,-,511,0,0,0,1303,0,0,11,0,0,0,0,0,0,0,0,0,0,0,0,0,0,0,0,0,0,0,0,0,0,0,0,0,0,0,0,0,0,0,0,0,511,-,-,0,-,-,-,-,-
2018032506+0900,-,-,-,421,0,0,0,0,0,0,14,0,0,0,0,0,0,0,0,0,0,0,0,0,0,0,0,0,0,0,0,0,0,0,0,0,0,0,0,0,0,0,0,0,421,-,-,0,-,-,-,-,-
2018032507+0900,-,-,-,435,0,0,0,0,0,0,4,0,0,0,0,0,0,0,0,0,0,0,0,0,0,0,0,0,0,0,0,0,0,0,0,0,0,0,0,0,0,0,0,0,435,-,-,0,-,-,-,-,-
2018032508+0900,-,-,-,414,0,0,0,0,0,0,22,0,0,0,0,0,0,0,0,0,0,0,0,0,0,0,0,0,0,0,0,0,0,0,0,0,0,0,0,0,0,0,0,0,414,-,-,0,-,-,-,-,-
2018032509+0900,-,-,-,438,0,0,0,0,0,0,10,0,0,0,0,0,0,0,0,0,0,0,0,0,0,0,0,0,0,0,0,0,0,0,0,0,0,0,0,0,0,0,0,0,438,-,-,0,-,-,-,-,-
2018032510+0900,-,-,-,547,0,0,0,0,0,0,15,0,0,0,0,0,0,0,0,0,0,0,0,0,0,0,0,0,0,0,0,0,0,0,0,0,0,0,0,0,0,0,0,0,547,-,-,0,-,-,-,-,-
2018032511+0900,-,-,-,482,0,0,0,0,0,0,24,0,0,0,0,0,0,0,0,0,0,0,0,0,0,0,0,0,0,0,0,0,0,0,0,0,0,0,0,0,0,0,0,0,482,-,-,0,-,-,-,-,-
2018032512+0900,-,-,-,433,0,0,0,0,0,0,24,0,0,0,0,0,0,0,0,0,0,0,0,0,0,0,0,0,0,0,0,0,0,0,0,0,0,0,0,0,0,0,0,0,433,-,-,0,-,-,-,-,-
2018032513+0900,-,-,-,497,0,0,0,0,0,0,16,0,0,0,0,0,0,0,0,0,0,0,0,0,0,0,0,0,0,0,0,0,0,0,0,0,0,0,0,0,0,0,0,0,497,-,-,0,-,-,-,-,-
2018032514+0900,-,-,-,398,0,0,0,0,0,0,25,0,0,0,0,0,0,0,0,0,0,0,0,0,0,0,0,0,0,0,0,0,0,0,0,0,0,0,0,0,0,0,0,0,398,-,-,0,-,-,-,-,-
2018032515+0900,-,-,-,501,0,0,0,0,0,0,22,0,0,0,0,0,0,0,0,0,0,0,0,0,0,0,0,0,0,0,0,0,0,0,0,0,0,0,0,0,0,0,0,0,501,-,-,0,-,-,-,-,-
2018032516+0900,-,-,-,549,0,0,0,0,0,0,15,0,0,0,0,0,0,0,0,0,0,0,0,0,0,0,0,0,0,0,0,0,0,0,0,0,0,0,0,0,0,0,0,0,549,-,-,0,-,-,-,-,-
2018032517+0900,-,-,-,500,0,0,0,0,0,0,25,0,0,0,0,0,0,0,0,0,0,0,0,0,0,0,0,0,0,0,0,0,0,0,0,0,0,0,0,0,0,0,0,0,500,-,-,0,-,-,-,-,-
2018032518+0900,-,-,-,400,0,0,0,0,0,0,17,0,0,0,0,0,0,0,0,0,0,0,0,0,0,0,0,0,0,0,0,0,0,0,0,0,0,0,0,0,0,0,0,0,400,-,-,0,-,-,-,-,-
2018032519+0900,-,-,-,532,0,0,0,0,0,0,17,0,0,0,0,0,0,0,0,0,0,0,0,0,0,0,0,0,0,0,0,0,0,0,0,0,0,0,0,0,0,0,0,0,532,-,-,0,-,-,-,-,-
2018032520+0900,-,-,-,426,0,0,0,0,0,0,17,0,0,0,0,0,0,0,0,0,0,0,0,0,0,0,0,0,0,0,0,0,0,0,0,0,0,0,0,0,0,0,0,0,426,-,-,0,-,-,-,-,-
2018032521+0900,-,-,-,468,0,0,0,0,0,0,18,0,0,0,0,0,0,0,0,0,0,0,0,0,0,0,0,0,0,0,0,0,0,0,0,0,0,0,0,0,0,0,0,0,468,-,-,0,-,-,-,-,-
2018032522+0900,-,-,-,484,0,0,0,0,0,0,19,0,0,0,0,0,0,0,0,0,0,0,0,0,0,0,0,0,0,0,0,0,0,0,0,0,0,0,0,0,0,0,0,0,484,-,-,0,-,-,-,-,-
2018032523+0900,-,-,-,410,0,0,0,0,0,0,10,0,0,0,0,0,0,0,0,0,0,0,0,0,0,0,0,0,0,0,0,0,0,0,0,0,0,0,0,0,0,0,0,0,410,-,-,0,-,-,-,-,-
2018032600+0900,-,-,-,437,0,0,0,0,0,0,20,0,0,0,0,0,0,0,0,0,0,0,0,0,0,0,0,0,0,0,0,0,0,0,0,0,0,0,0,0,0,0,0,0,437,-,-,0,-,-,-,-,-
2018032601+0900,-,-,-,411,0,0,0,0,0,0,10,0,0,0,0,0,0,0,0,0,0,0,0,0,0,0,0,0,0,0,0,0,0,0,0,0,0,0,0,0,0,0,0,0,411,-,-,0,-,-,-,-,-
2018032602+0900,-,-,-,455,0,0,0,41,0,0,18,0,0,0,0,0,0,0,0,0,0,0,0,0,0,0,0,0,0,0,0,0,0,0,0,0,0,0,0,0,0,0,0,0,455,-,-,0,-,-,-,-,-
2018032603+0900,-,-,-,578,0,0,0,1656,0,0,10,0,0,0,0,0,0,0,0,0,0,0,0,0,0,0,0,0,0,0,0,0,0,0,0,0,0,0,0,0,0,0,0,0,578,-,-,0,-,-,-,-,-
2018032604+0900,-,-,-,429,0,0,0,366,0,0,14,0,0,0,0,0,0,0,0,0,0,0,0,0,0,0,0,0,0,0,0,0,0,0,0,0,0,0,0,0,0,0,0,0,429,-,-,0,-,-,-,-,-
2018032605+0900,-,-,-,488,0,0,0,0,0,0,10,0,0,0,0,0,0,0,0,0,0,0,0,0,0,0,0,0,0,0,0,0,0,0,0,0,0,0,0,0,0,0,0,0,488,-,-,0,-,-,-,-,-
2018032606+0900,-,-,-,361,0,0,0,0,0,0,8,0,0,0,0,0,0,0,0,0,0,0,0,0,0,0,0,0,0,0,0,0,0,0,0,0,0,0,0,0,0,0,0,0,361,-,-,0,-,-,-,-,-
2018032607+0900,-,-,-,494,0,0,0,0,0,0,12,0,0,0,0,0,0,0,0,0,0,0,0,0,0,0,0,0,0,0,0,0,0,0,0,0,0,0,0,0,0,0,0,0,494,-,-,0,-,-,-,-,-
2018032608+0900,-,-,-,361,0,0,0,0,0,0,13,0,0,0,0,0,0,0,0,0,0,0,0,0,0,0,0,0,0,0,0,0,0,0,0,0,0,0,0,0,0,0,0,0,361,-,-,0,-,-,-,-,-
2018032609+0900,-,-,-,2038,0,0,0,0,0,0,25,0,552,0,0,0,0,0,0,0,0,0,0,0,0,0,0,0,0,0,0,0,0,0,0,0,0,0,0,0,0,0,0,0,2038,-,-,40,-,-,-,-,-
2018032610+0900,-,-,-,1946,0,0,0,0,0,0,21,0,623,0,0,0,0,0,0,0,0,0,0,0,0,0,0,0,0,0,0,0,0,0,0,0,0,0,0,0,0,0,0,0,1946,-,-,16,-,-,-,-,-
2018032611+0900,-,-,-,1704,0,116,0,0,0,0,34,0,622,283,0,0,0,0,0,0,0,0,0,0,0,0,0,0,0,0,0,0,0,0,0,0,0,0,0,0,0,0,0,0,1704,-,-,43,-,-,-,-,-
2018032612+0900,-,-,-,1747,0,138,0,0,0,0,39,0,621,329,0,0,0,0,0,0,0,0,0,0,0,0,0,0,0,0,0,0,0,0,0,0,0,0,0,0,0,0,0,0,1747,-,-,144,-,-,-,-,-
2018032613+0900,-,-,-,1740,0,136,0,0,0,0,41,0,559,328,0,0,0,0,0,0,0,0,0,0,0,0,0,0,0,0,0,0,0,0,0,0,0,0,0,0,0,0,0,0,1740,-,-,178,-,-,-,-,-
2018032614+0900,-,-,-,1368,0,137,0,0,0,0,41,0,621,327,0,0,0,0,0,0,0,0,0,0,0,0,0,0,0,0,0,0,0,0,0,0,0,0,0,0,0,0,0,0,1368,-,-,178,-,-,-,-,-
2018032615+0900,-,-,-,1245,0,138,0,405,0,0,44,0,618,326,0,0,0,0,0,0,0,0,0,0,0,0,0,0,0,0,0,0,0,0,0,0,0,0,0,0,0,0,0,0,1245,-,-,167,-,-,-,-,-
2018032616+0900,-,-,-,1033,0,139,0,1583,0,0,38,0,483,327,0,0,0,0,0,0,0,0,0,0,0,0,0,0,0,0,0,0,0,0,0,0,0,0,0,0,0,0,0,0,1033,-,-,165,-,-,-,-,-
2018032617+0900,-,-,-,946,0,138,0,1605,0,0,23,0,427,326,0,0,0,0,0,0,0,0,0,0,0,0,0,0,0,0,0,0,0,0,0,0,0,0,0,0,0,0,0,0,946,-,-,29,-,-,-,-,-
2018032618+0900,-,-,-,572,0,88,0,1606,0,0,23,0,0,329,0,0,0,0,0,0,0,0,0,0,0,0,0,0,0,0,0,0,0,0,0,0,0,0,0,0,0,0,0,0,572,-,-,0,-,-,-,-,-
2018032619+0900,-,-,-,510,0,0,0,1436,0,0,24,0,0,231,0,0,0,0,0,0,0,0,0,0,0,0,0,0,0,0,0,0,0,0,0,0,0,0,0,0,0,0,0,0,510,-,-,0,-,-,-,-,-
2018032620+0900,-,-,-,561,0,0,0,0,0,0,16,0,0,0,0,0,0,0,0,0,0,0,0,0,0,0,0,0,0,0,0,0,0,0,0,0,0,0,0,0,0,0,0,0,561,-,-,0,-,-,-,-,-
2018032621+0900,-,-,-,683,0,0,0,0,0,0,25,0,0,0,0,0,0,0,0,0,0,0,0,0,0,0,0,0,0,0,0,0,0,0,0,0,0,0,0,0,0,0,0,0,683,-,-,0,-,-,-,-,-
2018032622+0900,-,-,-,558,0,0,0,0,0,0,18,0,0,0,0,0,0,0,0,0,0,0,0,0,0,0,0,0,0,0,0,0,0,0,0,0,0,0,0,0,0,0,0,0,558,-,-,0,-,-,-,-,-
2018032623+0900,-,-,-,593,0,0,0,0,0,0,17,0,0,0,0,0,0,0,0,0,0,0,0,0,0,0,0,0,0,0,0,0,0,0,0,0,0,0,0,0,0,0,0,0,593,-,-,0,-,-,-,-,-
2018032700+0900,-,-,-,442,0,0,0,0,0,0,18,0,0,0,0,0,0,0,0,0,0,0,0,0,0,0,0,0,0,0,0,0,0,0,0,0,0,0,0,0,0,0,0,0,442,-,-,0,-,-,-,-,-
2018032701+0900,-,-,-,553,0,0,0,80,0,0,17,0,0,0,0,0,0,0,0,0,0,0,0,0,0,0,0,0,0,0,0,0,0,0,0,0,0,0,0,0,0,0,0,0,553,-,-,0,-,-,-,-,-
2018032702+0900,-,-,-,459,0,0,0,1085,0,0,23,0,0,0,0,0,0,0,0,0,0,0,0,0,0,0,0,0,0,0,0,0,0,0,0,0,0,0,0,0,0,0,0,0,459,-,-,0,-,-,-,-,-
2018032703+0900,-,-,-,556,0,0,0,1078,0,0,13,0,0,0,0,0,0,0,0,0,0,0,0,0,0,0,0,0,0,0,0,0,0,0,0,0,0,0,0,0,0,0,0,0,556,-,-,0,-,-,-,-,-
2018032704+0900,-,-,-,507,0,0,0,1135,0,0,18,0,0,0,0,0,0,0,0,0,0,0,0,0,0,0,0,0,0,0,0,0,0,0,0,0,0,0,0,0,0,0,0,0,507,-,-,0,-,-,-,-,-
2018032705+0900,-,-,-,450,0,0,0,443,0,0,11,0,0,0,0,0,0,0,0,0,0,0,0,0,0,0,0,0,0,0,0,0,0,0,0,0,0,0,0,0,0,0,0,0,450,-,-,0,-,-,-,-,-
2018032706+0900,-,-,-,463,0,0,0,0,0,0,13,0,0,0,0,0,0,0,0,0,0,0,0,0,0,0,0,0,0,0,0,0,0,0,0,0,0,0,0,0,0,0,0,0,463,-,-,0,-,-,-,-,-
2018032707+0900,-,-,-,526,0,0,0,0,0,0,18,0,0,0,0,0,0,0,0,0,0,0,0,0,0,0,0,0,0,0,0,0,0,0,0,0,0,0,0,0,0,0,0,0,526,-,-,0,-,-,-,-,-
2018032708+0900,-,-,-,485,0,0,0,0,0,0,11,0,0,0,0,0,0,0,0,0,0,0,0,0,0,0,0,0,0,0,0,0,0,0,0,0,0,0,0,0,0,0,0,0,485,-,-,0,-,-,-,-,-
2018032709+0900,-,-,-,2046,0,0,0,0,0,0,21,0,321,0,0,0,0,0,0,0,0,0,0,0,0,0,0,0,0,0,0,0,0,0,0,0,0,0,0,0,0,0,0,0,2046,-,-,25,-,-,-,-,-
2018032710+0900,-,-,-,2011,0,0,0,0,0,0,30,0,609,0,0,0,0,0,0,0,0,0,0,0,0,0,0,0,0,0,0,0,0,0,0,0,0,0,0,0,0,0,0,0,2011,-,-,32,-,-,-,-,-
2018032711+0900,-,-,-,1547,0,133,0,0,0,0,29,0,617,347,0,0,0,0,0,0,0,0,0,0,0,0,0,0,0,0,0,0,0,0,0,0,0,0,0,0,0,0,0,0,1547,-,-,67,-,-,-,-,-
2018032712+0900,-,-,-,1706,0,138,0,0,0,0,38,0,614,352,0,0,0,0,0,0,0,0,0,0,0,0,0,0,0,0,0,0,0,0,0,0,0,0,0,0,0,0,0,0,1706,-,-,150,-,-,-,-,-
2018032713+0900,-,-,-,1327,0,137,0,0,0,0,46,0,613,352,0,0,0,0,0,0,0,0,0,0,0,0,0,0,0,0,0,0,0,0,0,0,0,0,0,0,0,0,0,0,1327,-,-,156,-,-,-,-,-
2018032714+0900,-,-,-,1346,0,137,0,0,0,0,44,0,613,351,0,0,0,0,0,0,0,0,0,0,0,0,0,0,0,0,0,0,0,0,0,0,0,0,0,0,0,0,0,0,1346,-,-,257,-,-,-,-,-
2018032715+0900,-,-,-,1359,0,141,0,0,0,0,44,0,618,351,0,0,0,0,0,0,0,0,0,0,0,0,0,0,0,0,0,0,0,0,0,0,0,0,0,0,0,0,0,0,1359,-,-,87,-,-,-,-,-
2018032716+0900,-,-,-,1125,0,142,0,308,0,0,25,0,619,350,0,0,0,0,0,0,0,0,0,0,0,0,0,0,0,0,0,0,0,0,0,0,0,0,0,0,0,0,0,0,1125,-,-,9,-,-,-,-,-
2018032717+0900,-,-,-,1514,0,207,0,1567,0,130,33,0,535,286,0,0,0,0,0,0,0,0,0,0,0,0,0,0,0,0,0,0,0,0,0,0,0,0,0,0,0,0,0,0,1514,-,-,7,-,-,-,-,-
2018032718+0900,-,-,-,1704,0,423,0,1568,0,637,31,0,607,37,0,0,0,0,0,0,0,0,0,0,0,0,0,0,0,0,0,0,0,0,0,0,0,0,0,0,0,0,0,0,1704,-,-,39,-,-,-,-,-
2018032719+0900,-,-,-,1630,0,422,0,1350,0,649,27,0,611,36,0,0,0,0,0,0,0,0,0,0,0,0,0,0,0,0,0,0,0,0,0,0,0,0,0,0,0,0,0,0,1630,-,-,85,-,-,-,-,-
2018032720+0900,-,-,-,1194,0,422,0,0,0,649,29,0,614,50,0,0,0,0,0,0,0,0,0,0,0,0,0,0,0,0,0,0,0,0,0,0,0,0,0,0,0,0,0,0,1194,-,-,127,-,-,-,-,-
2018032721+0900,-,-,-,1387,0,424,0,0,0,652,29,0,358,51,0,0,0,0,0,0,0,0,0,0,0,0,0,0,0,0,0,0,0,0,0,0,0,0,0,0,0,0,0,0,1387,-,-,57,-,-,-,-,-
2018032722+0900,-,-,-,983,0,404,0,702,0,615,26,0,183,49,0,0,0,0,0,0,0,0,0,0,0,0,0,0,0,0,0,0,0,0,0,0,0,0,0,0,0,0,0,0,983,-,-,138,-,-,-,-,-
2018032723+0900,-,-,-,950,0,109,0,572,0,0,31,0,0,0,0,0,0,0,0,0,0,0,0,0,0,0,0,0,0,0,0,0,0,0,0,0,0,0,0,0,0,0,0,0,950,-,-,5,-,-,-,-,-
2018032800+0900,-,-,-,712,0,110,0,1079,0,0,17,0,0,0,0,0,0,0,0,0,0,0,0,0,0,0,0,0,0,0,0,0,0,0,0,0,0,0,0,0,0,0,0,0,712,-,-,0,-,-,-,-,-
2018032801+0900,-,-,-,594,0,110,0,1077,0,0,22,0,0,0,0,0,0,0,0,0,0,0,0,0,0,0,0,0,0,0,0,0,0,0,0,0,0,0,0,0,0,0,0,0,594,-,-,0,-,-,-,-,-
2018032802+0900,-,-,-,553,0,111,0,1075,0,0,20,0,0,0,0,0,0,0,0,0,0,0,0,0,0,0,0,0,0,0,0,0,0,0,0,0,0,0,0,0,0,0,0,0,553,-,-,0,-,-,-,-,-
2018032803+0900,-,-,-,606,0,112,0,1069,0,0,17,0,0,0,0,0,0,0,0,0,0,0,0,0,0,0,0,0,0,0,0,0,0,0,0,0,0,0,0,0,0,0,0,0,606,-,-,0,-,-,-,-,-
2018032804+0900,-,-,-,540,0,112,0,1066,0,0,10,0,0,0,0,0,0,0,0,0,0,0,0,0,0,0,0,0,0,0,0,0,0,0,0,0,0,0,0,0,0,0,0,0,540,-,-,0,-,-,-,-,-
2018032805+0900,-,-,-,504,0,112,0,1188,0,0,20,0,0,0,0,0,0,0,0,0,0,0,0,0,0,0,0,0,0,0,0,0,0,0,0,0,0,0,0,0,0,0,0,0,504,-,-,0,-,-,-,-,-
2018032806+0900,-,-,-,426,0,110,0,322,0,0,18,0,0,0,0,0,0,0,0,0,0,0,0,0,0,0,0,0,0,0,0,0,0,0,0,0,0,0,0,0,0,0,0,0,426,-,-,0,-,-,-,-,-
2018032807+0900,-,-,-,662,0,110,0,0,0,0,10,0,0,0,0,0,0,0,0,0,0,0,0,0,0,0,0,0,0,0,0,0,0,0,0,0,0,0,0,0,0,0,0,0,662,-,-,0,-,-,-,-,-
2018032808+0900,-,-,-,437,0,109,0,0,0,0,18,0,0,0,0,0,0,0,0,0,0,0,0,0,0,0,0,0,0,0,0,0,0,0,0,0,0,0,0,0,0,0,0,0,437,-,-,0,-,-,-,-,-
2018032809+0900,-,-,-,3093,0,106,0,0,0,0,33,0,406,0,0,0,0,0,0,0,0,0,0,0,0,0,0,0,0,0,0,0,0,0,0,0,0,0,0,0,0,0,0,0,3093,-,-,28,-,-,-,-,-
2018032810+0900,-,-,-,1994,0,106,0,0,0,0,39,0,583,0,0,0,0,0,0,0,0,0,0,0,0,0,0,0,0,0,0,0,0,0,0,0,0,0,0,0,0,0,0,0,1994,-,-,48,-,-,-,-,-
2018032811+0900,-,-,-,1626,0,141,0,0,0,0,33,0,616,120,0,0,0,0,0,0,0,0,0,0,0,0,0,0,0,0,0,0,0,0,0,0,0,0,0,0,0,0,0,0,1626,-,-,56,-,-,-,-,-
2018032812+0900,-,-,-,1478,0,186,0,0,0,0,39,0,616,318,0,0,0,0,0,0,0,0,0,0,0,0,0,0,0,0,0,0,0,0,0,0,0,0,0,0,0,0,0,0,1478,-,-,51,-,-,-,-,-
2018032813+0900,-,-,-,1787,0,191,0,0,0,0,55,0,615,315,0,0,0,0,0,0,0,0,0,0,0,0,0,0,0,0,0,0,0,0,0,0,0,0,0,0,0,0,0,0,1787,-,-,280,-,-,-,-,-
2018032814+0900,-,-,-,1257,0,194,0,0,0,0,36,0,536,316,0,0,0,0,0,0,0,0,0,0,0,0,0,0,0,0,0,0,0,0,0,0,0,0,0,0,0,0,0,0,1257,-,-,169,-,-,-,-,-
2018032815+0900,-,-,-,1307,0,202,0,79,0,0,43,0,409,314,0,0,0,0,0,0,0,0,0,0,0,0,0,0,0,0,0,0,0,0,0,0,0,0,0,0,0,0,0,0,1307,-,-,190,-,-,-,-,-
2018032816+0900,-,-,-,1367,0,202,0,1014,0,0,35,0,410,314,0,0,0,0,0,0,0,0,0,0,0,0,0,0,0,0,0,0,0,0,0,0,0,0,0,0,0,0,0,0,1367,-,-,154,-,-,-,-,-
2018032817+0900,-,-,-,1292,0,292,0,1092,0,315,28,0,412,184,0,0,0,0,0,0,0,0,0,0,0,0,0,0,0,0,0,0,0,0,0,0,0,0,0,0,0,0,0,0,1292,-,-,69,-,-,-,-,-
2018032818+0900,-,-,-,1697,0,382,0,1565,0,649,35,0,494,51,0,0,0,0,0,0,0,0,0,0,0,0,0,0,0,0,0,0,0,0,0,0,0,0,0,0,0,0,0,0,1697,-,-,27,-,-,-,-,-
2018032819+0900,-,-,-,1557,0,382,0,1393,0,648,25,0,610,51,0,0,0,0,0,0,0,0,0,0,0,0,0,0,0,0,0,0,0,0,0,0,0,0,0,0,0,0,0,0,1557,-,-,24,-,-,-,-,-
2018032820+0900,-,-,-,1260,0,381,0,0,0,652,26,0,614,50,0,0,0,0,0,0,0,0,0,0,0,0,0,0,0,0,0,0,0,0,0,0,0,0,0,0,0,0,0,0,1260,-,-,39,-,-,-,-,-
2018032821+0900,-,-,-,1292,0,149,0,0,0,114,30,0,595,9,0,0,0,0,0,0,0,0,0,0,0,0,0,0,0,0,0,0,0,0,0,0,0,0,0,0,0,0,0,0,1292,-,-,63,-,-,-,-,-
2018032822+0900,-,-,-,848,0,102,0,0,0,0,21,0,220,0,0,0,0,0,0,0,0,0,0,0,0,0,0,0,0,0,0,0,0,0,0,0,0,0,0,0,0,0,0,0,848,-,-,37,-,-,-,-,-
2018032823+0900,-,-,-,629,0,14,0,0,0,0,25,0,0,0,0,0,0,0,0,0,0,0,0,0,0,0,0,0,0,0,0,0,0,0,0,0,0,0,0,0,0,0,0,0,629,-,-,0,-,-,-,-,-
2018032900+0900,-,-,-,672,0,0,0,1034,0,0,14,0,0,0,0,0,0,0,0,0,0,0,0,0,0,0,0,0,0,0,0,0,0,0,0,0,0,0,0,0,0,0,0,0,672,-,-,0,-,-,-,-,-
2018032901+0900,-,-,-,665,0,0,0,1084,0,0,25,0,0,0,0,0,0,0,0,0,0,0,0,0,0,0,0,0,0,0,0,0,0,0,0,0,0,0,0,0,0,0,0,0,665,-,-,0,-,-,-,-,-
2018032902+0900,-,-,-,472,0,0,0,1078,0,0,20,0,0,0,0,0,0,0,0,0,0,0,0,0,0,0,0,0,0,0,0,0,0,0,0,0,0,0,0,0,0,0,0,0,472,-,-,0,-,-,-,-,-
2018032903+0900,-,-,-,651,0,0,0,1070,0,0,24,0,0,0,0,0,0,0,0,0,0,0,0,0,0,0,0,0,0,0,0,0,0,0,0,0,0,0,0,0,0,0,0,0,651,-,-,0,-,-,-,-,-
2018032904+0900,-,-,-,485,0,0,0,1065,0,0,17,0,0,0,0,0,0,0,0,0,0,0,0,0,0,0,0,0,0,0,0,0,0,0,0,0,0,0,0,0,0,0,0,0,485,-,-,0,-,-,-,-,-
2018032905+0900,-,-,-,566,0,0,0,1031,0,0,10,0,0,0,0,0,0,0,0,0,0,0,0,0,0,0,0,0,0,0,0,0,0,0,0,0,0,0,0,0,0,0,0,0,566,-,-,0,-,-,-,-,-
2018032906+0900,-,-,-,423,0,0,0,0,0,0,20,0,0,0,0,0,0,0,0,0,0,0,0,0,0,0,0,0,0,0,0,0,0,0,0,0,0,0,0,0,0,0,0,0,423,-,-,0,-,-,-,-,-
2018032907+0900,-,-,-,895,0,0,0,0,0,0,16,0,0,0,0,0,0,0,0,0,0,0,0,0,0,0,0,0,0,0,0,0,0,0,0,0,0,0,0,0,0,0,0,0,895,-,-,0,-,-,-,-,-
2018032908+0900,-,-,-,822,0,0,0,0,0,0,20,0,169,0,0,0,0,0,0,0,0,0,0,0,0,0,0,0,0,0,0,0,0,0,0,0,0,0,0,0,0,0,0,0,822,-,-,24,-,-,-,-,-
2018032909+0900,-,-,-,2879,0,0,0,0,0,0,29,0,618,0,0,0,0,0,0,0,0,0,0,0,0,0,0,0,0,0,0,0,0,0,0,0,0,0,0,0,0,0,0,0,2879,-,-,24,-,-,-,-,-
2018032910+0900,-,-,-,1484,0,87,0,0,0,0,31,0,616,178,0,0,0,0,0,0,0,0,0,0,0,0,0,0,0,0,0,0,0,0,0,0,0,0,0,0,0,0,0,0,1484,-,-,28,-,-,-,-,-
2018032911+0900,-,-,-,1554,0,158,0,0,0,0,30,0,620,316,0,0,0,0,0,0,0,0,0,0,0,0,0,0,0,0,0,0,0,0,0,0,0,0,0,0,0,0,0,0,1554,-,-,70,-,-,-,-,-
2018032912+0900,-,-,-,1484,0,155,0,0,0,0,42,0,617,315,0,0,0,0,0,0,0,0,0,0,0,0,0,0,0,0,0,0,0,0,0,0,0,0,0,0,0,0,0,0,1484,-,-,77,-,-,-,-,-
2018032913+0900,-,-,-,1461,0,157,0,0,0,0,40,0,612,315,0,0,0,0,0,0,0,0,0,0,0,0,0,0,0,0,0,0,0,0,0,0,0,0,0,0,0,0,0,0,1461,-,-,279,-,-,-,-,-
2018032914+0900,-,-,-,1492,0,157,0,0,0,0,57,0,616,315,0,0,0,0,0,0,0,0,0,0,0,0,0,0,0,0,0,0,0,0,0,0,0,0,0,0,0,0,0,0,1492,-,-,265,-,-,-,-,-
2018032915+0900,-,-,-,1403,0,158,0,832,0,0,52,0,615,315,0,0,0,0,0,0,0,0,0,0,0,0,0,0,0,0,0,0,0,0,0,0,0,0,0,0,0,0,0,0,1403,-,-,156,-,-,-,-,-
2018032916+0900,-,-,-,1577,0,156,0,765,0,0,46,0,612,314,0,0,0,0,0,0,0,0,0,0,0,0,0,0,0,0,0,0,0,0,0,0,0,0,0,0,0,0,0,0,1577,-,-,62,-,-,-,-,-
2018032917+0900,-,-,-,1401,0,204,0,1023,0,141,24,0,610,330,0,0,0,0,0,0,0,0,0,0,0,0,0,0,0,0,0,0,0,0,0,0,0,0,0,0,0,0,0,0,1401,-,-,38,-,-,-,-,-
2018032918+0900,-,-,-,1804,0,369,0,1208,0,645,34,0,612,396,0,0,0,0,0,0,0,0,0,0,0,0,0,0,0,0,0,0,0,0,0,0,0,0,0,0,0,0,0,0,1804,-,-,103,-,-,-,-,-
2018032919+0900,-,-,-,1887,0,371,0,1569,0,647,33,0,611,396,0,0,0,0,0,0,0,0,0,0,0,0,0,0,0,0,0,0,0,0,0,0,0,0,0,0,0,0,0,0,1887,-,-,112,-,-,-,-,-
2018032920+0900,-,-,-,1512,0,369,0,325,0,651,33,0,612,396,0,0,0,0,0,0,0,0,0,0,0,0,0,0,0,0,0,0,0,0,0,0,0,0,0,0,0,0,0,0,1512,-,-,145,-,-,-,-,-
2018032921+0900,-,-,-,1355,0,369,0,795,0,654,34,0,615,391,0,0,0,0,0,0,0,0,0,0,0,0,0,0,0,0,0,0,0,0,0,0,0,0,0,0,0,0,0,0,1355,-,-,87,-,-,-,-,-
2018032922+0900,-,-,-,1385,0,167,0,856,0,162,33,0,479,403,0,0,0,0,0,0,0,0,0,0,0,0,0,0,0,0,0,0,0,0,0,0,0,0,0,0,0,0,0,0,1385,-,-,77,-,-,-,-,-
2018032923+0900,-,-,-,864,0,26,0,0,0,0,26,0,92,111,0,0,0,0,0,0,0,0,0,0,0,0,0,0,0,0,0,0,0,0,0,0,0,0,0,0,0,0,0,0,864,-,-,15,-,-,-,-,-
2018033000+0900,-,-,-,585,0,0,0,252,0,0,18,0,0,0,0,0,0,0,0,0,0,0,0,0,0,0,0,0,0,0,0,0,0,0,0,0,0,0,0,0,0,0,0,0,585,-,-,0,-,-,-,-,-
2018033001+0900,-,-,-,718,0,0,0,1007,0,0,25,0,0,0,0,0,0,0,0,0,0,0,0,0,0,0,0,0,0,0,0,0,0,0,0,0,0,0,0,0,0,0,0,0,718,-,-,0,-,-,-,-,-
2018033002+0900,-,-,-,588,0,0,0,1027,0,0,21,0,0,0,0,0,0,0,0,0,0,0,0,0,0,0,0,0,0,0,0,0,0,0,0,0,0,0,0,0,0,0,0,0,588,-,-,0,-,-,-,-,-
2018033003+0900,-,-,-,815,0,0,0,1019,0,0,25,0,0,0,0,0,0,0,0,0,0,0,0,0,0,0,0,0,0,0,0,0,0,0,0,0,0,0,0,0,0,0,0,0,815,-,-,0,-,-,-,-,-
2018033004+0900,-,-,-,594,0,0,0,1012,0,0,17,0,0,0,0,0,0,0,0,0,0,0,0,0,0,0,0,0,0,0,0,0,0,0,0,0,0,0,0,0,0,0,0,0,594,-,-,0,-,-,-,-,-
2018033005+0900,-,-,-,461,0,0,0,1006,0,0,20,0,0,0,0,0,0,0,0,0,0,0,0,0,0,0,0,0,0,0,0,0,0,0,0,0,0,0,0,0,0,0,0,0,461,-,-,0,-,-,-,-,-
2018033006+0900,-,-,-,545,0,0,0,756,0,0,18,0,0,0,0,0,0,0,0,0,0,0,0,0,0,0,0,0,0,0,0,0,0,0,0,0,0,0,0,0,0,0,0,0,545,-,-,0,-,-,-,-,-
2018033007+0900,-,-,-,484,0,0,0,0,0,0,17,0,0,0,0,0,0,0,0,0,0,0,0,0,0,0,0,0,0,0,0,0,0,0,0,0,0,0,0,0,0,0,0,0,484,-,-,0,-,-,-,-,-
2018033008+0900,-,-,-,543,0,0,0,0,0,0,23,0,0,0,0,0,0,0,0,0,0,0,0,0,0,0,0,0,0,0,0,0,0,0,0,0,0,0,0,0,0,0,0,0,543,-,-,0,-,-,-,-,-
2018033009+0900,-,-,-,2403,0,0,0,0,0,0,25,0,422,0,0,0,0,0,0,0,0,0,0,0,0,0,0,0,0,0,0,0,0,0,0,0,0,0,0,0,0,0,0,0,2403,-,-,27,-,-,-,-,-
2018033010+0900,-,-,-,1975,0,0,0,0,0,0,40,0,616,0,0,0,0,0,0,0,0,0,0,0,0,0,0,0,0,0,0,0,0,0,0,0,0,0,0,0,0,0,0,0,1975,-,-,69,-,-,-,-,-
2018033011+0900,-,-,-,1600,0,11,0,0,0,0,40,0,613,21,0,0,0,0,0,0,0,0,0,0,0,0,0,0,0,0,0,0,0,0,0,0,0,0,0,0,0,0,0,0,1600,-,-,82,-,-,-,-,-
2018033012+0900,-,-,-,1557,0,148,0,0,0,0,47,0,613,292,0,0,0,0,0,0,0,0,0,0,0,0,0,0,0,0,0,0,0,0,0,0,0,0,0,0,0,0,0,0,1557,-,-,121,-,-,-,-,-
2018033013+0900,-,-,-,1649,0,145,0,0,0,0,45,0,614,287,0,0,0,0,0,0,0,0,0,0,0,0,0,0,0,0,0,0,0,0,0,0,0,0,0,0,0,0,0,0,1649,-,-,148,-,-,-,-,-
2018033014+0900,-,-,-,1425,0,144,0,0,0,0,44,0,619,288,0,0,0,0,0,0,0,0,0,0,0,0,0,0,0,0,0,0,0,0,0,0,0,0,0,0,0,0,0,0,1425,-,-,157,-,-,-,-,-
2018033015+0900,-,-,-,1396,0,142,0,0,0,0,43,0,620,312,0,0,0,0,0,0,0,0,0,0,0,0,0,0,0,0,0,0,0,0,0,0,0,0,0,0,0,0,0,0,1396,-,-,170,-,-,-,-,-
2018033016+0900,-,-,-,1422,0,143,0,0,0,0,25,0,438,325,0,0,0,0,0,0,0,0,0,0,0,0,0,0,0,0,0,0,0,0,0,0,0,0,0,0,0,0,0,0,1422,-,-,44,-,-,-,-,-
2018033017+0900,-,-,-,1300,0,224,0,979,0,324,30,0,468,336,0,0,0,0,0,0,0,0,0,0,0,0,0,0,0,0,0,0,0,0,0,0,0,0,0,0,0,0,0,0,1300,-,-,8,-,-,-,-,-
2018033018+0900,-,-,-,1715,0,379,0,1574,0,976,24,0,483,359,0,0,0,0,0,0,0,0,0,0,0,0,0,0,0,0,0,0,0,0,0,0,0,0,0,0,0,0,0,0,1715,-,-,47,-,-,-,-,-
2018033019+0900,-,-,-,1655,0,376,0,1560,0,979,38,0,552,358,0,0,0,0,0,0,0,0,0,0,0,0,0,0,0,0,0,0,0,0,0,0,0,0,0,0,0,0,0,0,1655,-,-,127,-,-,-,-,-
2018033020+0900,-,-,-,1524,0,377,0,280,0,982,30,0,616,359,0,0,0,0,0,0,0,0,0,0,0,0,0,0,0,0,0,0,0,0,0,0,0,0,0,0,0,0,0,0,1524,-,-,74,-,-,-,-,-
2018033021+0900,-,-,-,1444,0,305,0,0,0,728,33,0,535,247,0,0,0,0,0,0,0,0,0,0,0,0,0,0,0,0,0,0,0,0,0,0,0,0,0,0,0,0,0,0,1444,-,-,70,-,-,-,-,-
2018033022+0900,-,-,-,1435,0,104,0,335,0,0,22,0,400,0,0,0,0,0,0,0,0,0,0,0,0,0,0,0,0,0,0,0,0,0,0,0,0,0,0,0,0,0,0,0,1435,-,-,77,-,-,-,-,-
2018033023+0900,-,-,-,977,0,99,0,621,0,0,29,0,333,0,0,0,0,0,0,0,0,0,0,0,0,0,0,0,0,0,0,0,0,0,0,0,0,0,0,0,0,0,0,0,977,-,-,41,-,-,-,-,-
2018033100+0900,-,-,-,629,0,0,0,300,0,0,23,0,0,0,0,0,0,0,0,0,0,0,0,0,0,0,0,0,0,0,0,0,0,0,0,0,0,0,0,0,0,0,0,0,629,-,-,0,-,-,-,-,-
2018033101+0900,-,-,-,635,0,0,0,1077,0,0,17,0,0,0,0,0,0,0,0,0,0,0,0,0,0,0,0,0,0,0,0,0,0,0,0,0,0,0,0,0,0,0,0,0,635,-,-,0,-,-,-,-,-
2018033102+0900,-,-,-,604,0,0,0,1074,0,0,24,0,0,0,0,0,0,0,0,0,0,0,0,0,0,0,0,0,0,0,0,0,0,0,0,0,0,0,0,0,0,0,0,0,604,-,-,0,-,-,-,-,-
2018033103+0900,-,-,-,637,0,0,0,1071,0,0,18,0,0,0,0,0,0,0,0,0,0,0,0,0,0,0,0,0,0,0,0,0,0,0,0,0,0,0,0,0,0,0,0,0,637,-,-,0,-,-,-,-,-
2018033104+0900,-,-,-,512,0,0,0,1070,0,0,17,0,0,0,0,0,0,0,0,0,0,0,0,0,0,0,0,0,0,0,0,0,0,0,0,0,0,0,0,0,0,0,0,0,512,-,-,0,-,-,-,-,-
2018033105+0900,-,-,-,504,0,0,0,1066,0,0,21,0,0,0,0,0,0,0,0,0,0,0,0,0,0,0,0,0,0,0,0,0,0,0,0,0,0,0,0,0,0,0,0,0,504,-,-,0,-,-,-,-,-
2018033106+0900,-,-,-,477,0,0,0,1189,0,0,17,0,0,0,0,0,0,0,0,0,0,0,0,0,0,0,0,0,0,0,0,0,0,0,0,0,0,0,0,0,0,0,0,0,477,-,-,0,-,-,-,-,-
2018033107+0900,-,-,-,1367,0,0,0,238,0,0,11,0,0,0,0,0,0,0,0,0,0,0,0,0,0,0,0,0,0,0,0,0,0,0,0,0,0,0,0,0,0,0,0,0,1367,-,-,0,-,-,-,-,-
2018033108+0900,-,-,-,657,0,0,0,0,0,0,17,0,0,0,0,0,0,0,0,0,0,0,0,0,0,0,0,0,0,0,0,0,0,0,0,0,0,0,0,0,0,0,0,0,657,-,-,0,-,-,-,-,-
2018033109+0900,-,-,-,1222,0,0,0,0,0,0,28,0,339,0,0,0,0,0,0,0,0,0,0,0,0,0,0,0,0,0,0,0,0,0,0,0,0,0,0,0,0,0,0,0,1222,-,-,21,-,-,-,-,-
2018033110+0900,-,-,-,1841,0,117,0,0,0,0,31,0,602,234,0,0,0,0,0,0,0,0,0,0,0,0,0,0,0,0,0,0,0,0,0,0,0,0,0,0,0,0,0,0,1841,-,-,24,-,-,-,-,-
2018033111+0900,-,-,-,1538,0,148,0,0,0,0,33,0,619,290,0,0,0,0,0,0,0,0,0,0,0,0,0,0,0,0,0,0,0,0,0,0,0,0,0,0,0,0,0,0,1538,-,-,64,-,-,-,-,-
2018033112+0900,-,-,-,1346,0,146,0,0,0,0,35,0,558,288,0,0,0,0,0,0,0,0,0,0,0,0,0,0,0,0,0,0,0,0,0,0,0,0,0,0,0,0,0,0,1346,-,-,181,-,-,-,-,-
2018033113+0900,-,-,-,1238,0,147,0,0,0,0,47,0,489,287,0,0,0,0,0,0,0,0,0,0,0,0,0,0,0,0,0,0,0,0,0,0,0,0,0,0,0,0,0,0,1238,-,-,146,-,-,-,-,-
2018033114+0900,-,-,-,999,0,148,0,0,0,0,45,0,447,289,0,0,0,0,0,0,0,0,0,0,0,0,0,0,0,0,0,0,0,0,0,0,0,0,0,0,0,0,0,0,999,-,-,129,-,-,-,-,-
2018033115+0900,-,-,-,1110,0,148,0,0,0,0,34,0,317,299,0,0,0,0,0,0,0,0,0,0,0,0,0,0,0,0,0,0,0,0,0,0,0,0,0,0,0,0,0,0,1110,-,-,29,-,-,-,-,-
2018033116+0900,-,-,-,843,0,147,0,0,0,0,33,0,131,48,0,0,0,0,0,0,0,0,0,0,0,0,0,0,0,0,0,0,0,0,0,0,0,0,0,0,0,0,0,0,843,-,-,1,-,-,-,-,-
2018033117+0900,-,-,-,1263,0,336,0,976,0,742,26,0,619,39,0,0,0,0,0,0,0,0,0,0,0,0,0,0,0,0,0,0,0,0,0,0,0,0,0,0,0,0,0,0,1263,-,-,17,-,-,-,-,-
2018033118+0900,-,-,-,1525,0,436,0,1588,0,994,32,0,611,51,0,0,0,0,0,0,0,0,0,0,0,0,0,0,0,0,0,0,0,0,0,0,0,0,0,0,0,0,0,0,1525,-,-,38,-,-,-,-,-
2018033119+0900,-,-,-,1293,0,436,0,1591,0,1001,27,0,614,51,0,0,0,0,0,0,0,0,0,0,0,0,0,0,0,0,0,0,0,0,0,0,0,0,0,0,0,0,0,0,1293,-,-,58,-,-,-,-,-
2018033120+0900,-,-,-,1537,0,437,0,96,0,1006,30,0,422,52,0,0,0,0,0,0,0,0,0,0,0,0,0,0,0,0,0,0,0,0,0,0,0,0,0,0,0,0,0,0,1537,-,-,79,-,-,-,-,-
2018033121+0900,-,-,-,1240,0,222,0,383,0,352,35,0,381,17,0,0,0,0,0,0,0,0,0,0,0,0,0,0,0,0,0,0,0,0,0,0,0,0,0,0,0,0,0,0,1240,-,-,95,-,-,-,-,-
2018033122+0900,-,-,-,1386,0,108,0,0,0,0,27,0,204,0,0,0,0,0,0,0,0,0,0,0,0,0,0,0,0,0,0,0,0,0,0,0,0,0,0,0,0,0,0,0,1386,-,-,56,-,-,-,-,-
2018033123+0900,-,-,-,554,0,67,0,0,0,0,23,0,0,0,0,0,0,0,0,0,0,0,0,0,0,0,0,0,0,0,0,0,0,0,0,0,0,0,0,0,0,0,0,0,554,-,-,0,-,-,-,-,-
